opponent,seed,cand_is_p0,cand_score,opp_score,won,tied,lost,delta,structural_failure
v025_a_aggressive_cows,10000,True,46490.0,42394.0,1,0,0,4096.0,0
v025_a_aggressive_cows,10000,False,60326.0,51298.0,1,0,0,9028.0,0
v025_a_aggressive_cows,10001,True,41279.0,25533.0,1,0,0,15746.0,0
v025_a_aggressive_cows,10001,False,48047.0,40980.0,1,0,0,7067.0,0
v025_a_aggressive_cows,10002,True,91414.0,91028.0,1,0,0,386.0,0
v025_a_aggressive_cows,10002,False,93712.0,101619.0,0,0,1,-7907.0,0
v025_a_aggressive_cows,10003,True,50723.0,26173.0,1,0,0,24550.0,0
v025_a_aggressive_cows,10003,False,57532.0,42387.0,1,0,0,15145.0,0
v025_a_aggressive_cows,10004,True,47794.0,31730.0,1,0,0,16064.0,0
v025_a_aggressive_cows,10004,False,45688.0,27857.0,1,0,0,17831.0,0
v025_a_aggressive_cows,10005,True,94538.0,94208.0,1,0,0,330.0,0
v025_a_aggressive_cows,10005,False,97902.0,97868.0,1,0,0,34.0,0
v025_a_aggressive_cows,10006,True,35971.0,34418.0,1,0,0,1553.0,0
v025_a_aggressive_cows,10006,False,76414.0,78553.0,0,0,1,-2139.0,0
v025_a_aggressive_cows,10007,True,60072.0,53407.0,1,0,0,6665.0,0
v025_a_aggressive_cows,10007,False,49038.0,26765.0,1,0,0,22273.0,0
v025_a_aggressive_cows,10008,True,52027.0,43616.0,1,0,0,8411.0,0
v025_a_aggressive_cows,10008,False,50710.0,46675.0,1,0,0,4035.0,0
v025_a_aggressive_cows,10009,True,50848.0,41720.0,1,0,0,9128.0,0
v025_a_aggressive_cows,10009,False,47821.0,41039.0,1,0,0,6782.0,0
v025_a_aggressive_cows,10010,True,48979.0,39356.0,1,0,0,9623.0,0
v025_a_aggressive_cows,10010,False,49472.0,30382.0,1,0,0,19090.0,0
v025_a_aggressive_cows,10011,True,39634.0,23029.0,1,0,0,16605.0,0
v025_a_aggressive_cows,10011,False,37849.0,21594.0,1,0,0,16255.0,0
v025_a_aggressive_cows,10012,True,46197.0,27759.0,1,0,0,18438.0,0
v025_a_aggressive_cows,10012,False,34037.0,20138.0,1,0,0,13899.0,0
v025_a_aggressive_cows,10013,True,51893.0,42558.0,1,0,0,9335.0,0
v025_a_aggressive_cows,10013,False,79478.0,70652.0,1,0,0,8826.0,0
v025_a_aggressive_cows,10014,True,43062.0,32839.0,1,0,0,10223.0,0
v025_a_aggressive_cows,10014,False,31622.0,17856.0,1,0,0,13766.0,0
v025_a_aggressive_cows,10015,True,58282.0,36909.0,1,0,0,21373.0,0
v025_a_aggressive_cows,10015,False,86406.0,81618.0,1,0,0,4788.0,0
v025_a_aggressive_cows,10016,True,90145.0,90255.0,0,0,1,-110.0,0
v025_a_aggressive_cows,10016,False,70228.0,60357.0,1,0,0,9871.0,0
v025_a_aggressive_cows,10017,True,47297.0,44829.0,1,0,0,2468.0,0
v025_a_aggressive_cows,10017,False,55681.0,45070.0,1,0,0,10611.0,0
v025_a_aggressive_cows,10018,True,55197.0,45208.0,1,0,0,9989.0,0
v025_a_aggressive_cows,10018,False,48111.0,41647.0,1,0,0,6464.0,0
v025_a_aggressive_cows,10019,True,46563.0,35381.0,1,0,0,11182.0,0
v025_a_aggressive_cows,10019,False,49064.0,31515.0,1,0,0,17549.0,0
v025_a_aggressive_cows,10020,True,34353.0,22066.0,1,0,0,12287.0,0
v025_a_aggressive_cows,10020,False,32711.0,23238.0,1,0,0,9473.0,0
v025_a_aggressive_cows,10021,True,61676.0,52217.0,1,0,0,9459.0,0
v025_a_aggressive_cows,10021,False,63214.0,53141.0,1,0,0,10073.0,0
v025_a_aggressive_cows,10022,True,53727.0,43505.0,1,0,0,10222.0,0
v025_a_aggressive_cows,10022,False,57821.0,40902.0,1,0,0,16919.0,0
v025_a_aggressive_cows,10023,True,56406.0,45909.0,1,0,0,10497.0,0
v025_a_aggressive_cows,10023,False,64524.0,49533.0,1,0,0,14991.0,0
v025_a_aggressive_cows,10024,True,45717.0,32519.0,1,0,0,13198.0,0
v025_a_aggressive_cows,10024,False,27991.0,25286.0,1,0,0,2705.0,0
v025_a_aggressive_cows,10025,True,57304.0,49195.0,1,0,0,8109.0,0
v025_a_aggressive_cows,10025,False,55695.0,35518.0,1,0,0,20177.0,0
v025_a_aggressive_cows,10026,True,58217.0,41629.0,1,0,0,16588.0,0
v025_a_aggressive_cows,10026,False,45017.0,32692.0,1,0,0,12325.0,0
v025_a_aggressive_cows,10027,True,57553.0,51036.0,1,0,0,6517.0,0
v025_a_aggressive_cows,10027,False,50165.0,27672.0,1,0,0,22493.0,0
v025_a_aggressive_cows,10028,True,48495.0,36436.0,1,0,0,12059.0,0
v025_a_aggressive_cows,10028,False,52779.0,42511.0,1,0,0,10268.0,0
v025_a_aggressive_cows,10029,True,47167.0,37524.0,1,0,0,9643.0,0
v025_a_aggressive_cows,10029,False,45792.0,32670.0,1,0,0,13122.0,0
v025_a_aggressive_cows,10030,True,42294.0,34398.0,1,0,0,7896.0,0
v025_a_aggressive_cows,10030,False,38798.0,25834.0,1,0,0,12964.0,0
v025_a_aggressive_cows,10031,True,54583.0,32160.0,1,0,0,22423.0,0
v025_a_aggressive_cows,10031,False,92242.0,89010.0,1,0,0,3232.0,0
v025_a_aggressive_cows,10032,True,78658.0,69690.0,1,0,0,8968.0,0
v025_a_aggressive_cows,10032,False,58872.0,51200.0,1,0,0,7672.0,0
v025_a_aggressive_cows,10033,True,50378.0,43939.0,1,0,0,6439.0,0
v025_a_aggressive_cows,10033,False,56219.0,41775.0,1,0,0,14444.0,0
v025_a_aggressive_cows,10034,True,58374.0,44192.0,1,0,0,14182.0,0
v025_a_aggressive_cows,10034,False,63864.0,50789.0,1,0,0,13075.0,0
v025_a_aggressive_cows,10035,True,70370.0,66835.0,1,0,0,3535.0,0
v025_a_aggressive_cows,10035,False,76565.0,77216.0,0,0,1,-651.0,0
v025_a_aggressive_cows,10036,True,87221.0,90790.0,0,0,1,-3569.0,0
v025_a_aggressive_cows,10036,False,56952.0,55736.0,1,0,0,1216.0,0
v025_a_aggressive_cows,10037,True,79023.0,76363.0,1,0,0,2660.0,0
v025_a_aggressive_cows,10037,False,52493.0,44969.0,1,0,0,7524.0,0
v025_a_aggressive_cows,10038,True,49790.0,41375.0,1,0,0,8415.0,0
v025_a_aggressive_cows,10038,False,49896.0,47804.0,1,0,0,2092.0,0
v025_a_aggressive_cows,10039,True,48709.0,41682.0,1,0,0,7027.0,0
v025_a_aggressive_cows,10039,False,48298.0,45844.0,1,0,0,2454.0,0
v025_a_aggressive_cows,10040,True,78011.0,81332.0,0,0,1,-3321.0,0
v025_a_aggressive_cows,10040,False,70115.0,68723.0,1,0,0,1392.0,0
v025_a_aggressive_cows,10041,True,32338.0,32318.0,1,0,0,20.0,0
v025_a_aggressive_cows,10041,False,50597.0,46411.0,1,0,0,4186.0,0
v025_a_aggressive_cows,10042,True,39580.0,23548.0,1,0,0,16032.0,0
v025_a_aggressive_cows,10042,False,35467.0,12816.0,1,0,0,22651.0,0
v025_a_aggressive_cows,10043,True,35785.0,18036.0,1,0,0,17749.0,0
v025_a_aggressive_cows,10043,False,58068.0,47875.0,1,0,0,10193.0,0
v025_a_aggressive_cows,10044,True,49496.0,40293.0,1,0,0,9203.0,0
v025_a_aggressive_cows,10044,False,70590.0,65956.0,1,0,0,4634.0,0
v025_a_aggressive_cows,10045,True,53370.0,38315.0,1,0,0,15055.0,0
v025_a_aggressive_cows,10045,False,72818.0,69761.0,1,0,0,3057.0,0
v025_a_aggressive_cows,10046,True,48787.0,40429.0,1,0,0,8358.0,0
v025_a_aggressive_cows,10046,False,49240.0,42625.0,1,0,0,6615.0,0
v025_a_aggressive_cows,10047,True,48329.0,30044.0,1,0,0,18285.0,0
v025_a_aggressive_cows,10047,False,45552.0,26112.0,1,0,0,19440.0,0
v025_a_aggressive_cows,10048,True,52068.0,31969.0,1,0,0,20099.0,0
v025_a_aggressive_cows,10048,False,45692.0,42421.0,1,0,0,3271.0,0
v025_a_aggressive_cows,10049,True,57715.0,51870.0,1,0,0,5845.0,0
v025_a_aggressive_cows,10049,False,57752.0,52543.0,1,0,0,5209.0,0
v025_a_aggressive_cows,10050,True,43775.0,30554.0,1,0,0,13221.0,0
v025_a_aggressive_cows,10050,False,50443.0,41115.0,1,0,0,9328.0,0
v025_a_aggressive_cows,10051,True,59943.0,48432.0,1,0,0,11511.0,0
v025_a_aggressive_cows,10051,False,54009.0,32314.0,1,0,0,21695.0,0
v025_a_aggressive_cows,10052,True,87172.0,87539.0,0,0,1,-367.0,0
v025_a_aggressive_cows,10052,False,75583.0,76303.0,0,0,1,-720.0,0
v025_a_aggressive_cows,10053,True,47941.0,28882.0,1,0,0,19059.0,0
v025_a_aggressive_cows,10053,False,51786.0,48077.0,1,0,0,3709.0,0
v025_a_aggressive_cows,10054,True,71805.0,57397.0,1,0,0,14408.0,0
v025_a_aggressive_cows,10054,False,78341.0,68905.0,1,0,0,9436.0,0
v025_a_aggressive_cows,10055,True,78247.0,75090.0,1,0,0,3157.0,0
v025_a_aggressive_cows,10055,False,80865.0,84113.0,0,0,1,-3248.0,0
v025_a_aggressive_cows,10056,True,48334.0,31199.0,1,0,0,17135.0,0
v025_a_aggressive_cows,10056,False,46464.0,29057.0,1,0,0,17407.0,0
v025_a_aggressive_cows,10057,True,52322.0,41351.0,1,0,0,10971.0,0
v025_a_aggressive_cows,10057,False,38168.0,39230.0,0,0,1,-1062.0,0
v025_a_aggressive_cows,10058,True,67970.0,64125.0,1,0,0,3845.0,0
v025_a_aggressive_cows,10058,False,65502.0,62378.0,1,0,0,3124.0,0
v025_a_aggressive_cows,10059,True,61366.0,46005.0,1,0,0,15361.0,0
v025_a_aggressive_cows,10059,False,57109.0,46505.0,1,0,0,10604.0,0
v025_a_aggressive_cows,10060,True,49355.0,29281.0,1,0,0,20074.0,0
v025_a_aggressive_cows,10060,False,43892.0,31242.0,1,0,0,12650.0,0
v025_a_aggressive_cows,10061,True,32852.0,19854.0,1,0,0,12998.0,0
v025_a_aggressive_cows,10061,False,44242.0,31461.0,1,0,0,12781.0,0
v025_a_aggressive_cows,10062,True,71789.0,69233.0,1,0,0,2556.0,0
v025_a_aggressive_cows,10062,False,63678.0,56226.0,1,0,0,7452.0,0
v025_a_aggressive_cows,10063,True,70930.0,55882.0,1,0,0,15048.0,0
v025_a_aggressive_cows,10063,False,50291.0,38293.0,1,0,0,11998.0,0
v025_a_aggressive_cows,10064,True,79254.0,71886.0,1,0,0,7368.0,0
v025_a_aggressive_cows,10064,False,62766.0,54209.0,1,0,0,8557.0,0
v025_a_aggressive_cows,10065,True,51282.0,40477.0,1,0,0,10805.0,0
v025_a_aggressive_cows,10065,False,72846.0,65067.0,1,0,0,7779.0,0
v025_a_aggressive_cows,10066,True,62877.0,61009.0,1,0,0,1868.0,0
v025_a_aggressive_cows,10066,False,83564.0,83289.0,1,0,0,275.0,0
v025_a_aggressive_cows,10067,True,88585.0,77424.0,1,0,0,11161.0,0
v025_a_aggressive_cows,10067,False,51560.0,27028.0,1,0,0,24532.0,0
v025_a_aggressive_cows,10068,True,97343.0,83205.0,1,0,0,14138.0,0
v025_a_aggressive_cows,10068,False,93818.0,88337.0,1,0,0,5481.0,0
v025_a_aggressive_cows,10069,True,93502.0,97684.0,0,0,1,-4182.0,0
v025_a_aggressive_cows,10069,False,89038.0,93630.0,0,0,1,-4592.0,0
v025_a_aggressive_cows,10070,True,53163.0,38550.0,1,0,0,14613.0,0
v025_a_aggressive_cows,10070,False,51707.0,34574.0,1,0,0,17133.0,0
v025_a_aggressive_cows,10071,True,85450.0,88159.0,0,0,1,-2709.0,0
v025_a_aggressive_cows,10071,False,73577.0,78836.0,0,0,1,-5259.0,0
v025_a_aggressive_cows,10072,True,81767.0,73849.0,1,0,0,7918.0,0
v025_a_aggressive_cows,10072,False,76989.0,66019.0,1,0,0,10970.0,0
v025_a_aggressive_cows,10073,True,82233.0,77389.0,1,0,0,4844.0,0
v025_a_aggressive_cows,10073,False,96217.0,93840.0,1,0,0,2377.0,0
v025_a_aggressive_cows,10074,True,54256.0,38366.0,1,0,0,15890.0,0
v025_a_aggressive_cows,10074,False,76990.0,78835.0,0,0,1,-1845.0,0
v025_a_aggressive_cows,10075,True,44864.0,21437.0,1,0,0,23427.0,0
v025_a_aggressive_cows,10075,False,45819.0,32401.0,1,0,0,13418.0,0
v025_a_aggressive_cows,10076,True,44594.0,34017.0,1,0,0,10577.0,0
v025_a_aggressive_cows,10076,False,48533.0,36976.0,1,0,0,11557.0,0
v025_a_aggressive_cows,10077,True,57404.0,55088.0,1,0,0,2316.0,0
v025_a_aggressive_cows,10077,False,61372.0,58715.0,1,0,0,2657.0,0
v025_a_aggressive_cows,10078,True,50977.0,43255.0,1,0,0,7722.0,0
v025_a_aggressive_cows,10078,False,92228.0,95455.0,0,0,1,-3227.0,0
v025_a_aggressive_cows,10079,True,34312.0,31084.0,1,0,0,3228.0,0
v025_a_aggressive_cows,10079,False,57062.0,54587.0,1,0,0,2475.0,0
v025_a_aggressive_cows,10080,True,55474.0,44774.0,1,0,0,10700.0,0
v025_a_aggressive_cows,10080,False,58272.0,52023.0,1,0,0,6249.0,0
v025_a_aggressive_cows,10081,True,70275.0,67411.0,1,0,0,2864.0,0
v025_a_aggressive_cows,10081,False,55401.0,44499.0,1,0,0,10902.0,0
v025_a_aggressive_cows,10082,True,47202.0,31717.0,1,0,0,15485.0,0
v025_a_aggressive_cows,10082,False,55422.0,42512.0,1,0,0,12910.0,0
v025_a_aggressive_cows,10083,True,89476.0,86895.0,1,0,0,2581.0,0
v025_a_aggressive_cows,10083,False,56137.0,42247.0,1,0,0,13890.0,0
v025_a_aggressive_cows,10084,True,53168.0,38817.0,1,0,0,14351.0,0
v025_a_aggressive_cows,10084,False,65548.0,54930.0,1,0,0,10618.0,0
v025_a_aggressive_cows,10085,True,71803.0,62612.0,1,0,0,9191.0,0
v025_a_aggressive_cows,10085,False,82488.0,73505.0,1,0,0,8983.0,0
v025_a_aggressive_cows,10086,True,55334.0,41401.0,1,0,0,13933.0,0
v025_a_aggressive_cows,10086,False,53560.0,38453.0,1,0,0,15107.0,0
v025_a_aggressive_cows,10087,True,63365.0,55668.0,1,0,0,7697.0,0
v025_a_aggressive_cows,10087,False,48050.0,27577.0,1,0,0,20473.0,0
v025_a_aggressive_cows,10088,True,72294.0,63243.0,1,0,0,9051.0,0
v025_a_aggressive_cows,10088,False,74918.0,73662.0,1,0,0,1256.0,0
v025_a_aggressive_cows,10089,True,51305.0,38234.0,1,0,0,13071.0,0
v025_a_aggressive_cows,10089,False,58758.0,42467.0,1,0,0,16291.0,0
v025_a_aggressive_cows,10090,True,69853.0,57320.0,1,0,0,12533.0,0
v025_a_aggressive_cows,10090,False,66782.0,58260.0,1,0,0,8522.0,0
v025_a_aggressive_cows,10091,True,78093.0,65224.0,1,0,0,12869.0,0
v025_a_aggressive_cows,10091,False,34369.0,22929.0,1,0,0,11440.0,0
v025_a_aggressive_cows,10092,True,65103.0,49622.0,1,0,0,15481.0,0
v025_a_aggressive_cows,10092,False,64689.0,62259.0,1,0,0,2430.0,0
v025_a_aggressive_cows,10093,True,66811.0,56838.0,1,0,0,9973.0,0
v025_a_aggressive_cows,10093,False,75819.0,66291.0,1,0,0,9528.0,0
v025_a_aggressive_cows,10094,True,62122.0,52887.0,1,0,0,9235.0,0
v025_a_aggressive_cows,10094,False,61157.0,46077.0,1,0,0,15080.0,0
v025_a_aggressive_cows,10095,True,38665.0,17856.0,1,0,0,20809.0,0
v025_a_aggressive_cows,10095,False,39696.0,23505.0,1,0,0,16191.0,0
v025_a_aggressive_cows,10096,True,53529.0,34911.0,1,0,0,18618.0,0
v025_a_aggressive_cows,10096,False,59291.0,46744.0,1,0,0,12547.0,0
v025_a_aggressive_cows,10097,True,79416.0,74262.0,1,0,0,5154.0,0
v025_a_aggressive_cows,10097,False,71580.0,72213.0,0,0,1,-633.0,0
v025_a_aggressive_cows,10098,True,50493.0,39351.0,1,0,0,11142.0,0
v025_a_aggressive_cows,10098,False,50398.0,39976.0,1,0,0,10422.0,0
v025_a_aggressive_cows,10099,True,48721.0,44257.0,1,0,0,4464.0,0
v025_a_aggressive_cows,10099,False,63400.0,47678.0,1,0,0,15722.0,0
v025_a_aggressive_cows,10100,True,52281.0,44229.0,1,0,0,8052.0,0
v025_a_aggressive_cows,10100,False,58308.0,52433.0,1,0,0,5875.0,0
v025_a_aggressive_cows,10101,True,53760.0,46539.0,1,0,0,7221.0,0
v025_a_aggressive_cows,10101,False,49433.0,45956.0,1,0,0,3477.0,0
v025_a_aggressive_cows,10102,True,79833.0,69746.0,1,0,0,10087.0,0
v025_a_aggressive_cows,10102,False,91109.0,90157.0,1,0,0,952.0,0
v025_a_aggressive_cows,10103,True,78858.0,75357.0,1,0,0,3501.0,0
v025_a_aggressive_cows,10103,False,82627.0,77569.0,1,0,0,5058.0,0
v025_a_aggressive_cows,10104,True,87669.0,96151.0,0,0,1,-8482.0,0
v025_a_aggressive_cows,10104,False,91233.0,98836.0,0,0,1,-7603.0,0
v025_a_aggressive_cows,10105,True,54747.0,49429.0,1,0,0,5318.0,0
v025_a_aggressive_cows,10105,False,59950.0,55973.0,1,0,0,3977.0,0
v025_a_aggressive_cows,10106,True,62857.0,54600.0,1,0,0,8257.0,0
v025_a_aggressive_cows,10106,False,47028.0,45395.0,1,0,0,1633.0,0
v025_a_aggressive_cows,10107,True,40708.0,20434.0,1,0,0,20274.0,0
v025_a_aggressive_cows,10107,False,40334.0,21445.0,1,0,0,18889.0,0
v025_a_aggressive_cows,10108,True,86434.0,76288.0,1,0,0,10146.0,0
v025_a_aggressive_cows,10108,False,70982.0,65543.0,1,0,0,5439.0,0
v025_a_aggressive_cows,10109,True,46156.0,25908.0,1,0,0,20248.0,0
v025_a_aggressive_cows,10109,False,52150.0,38377.0,1,0,0,13773.0,0
v025_a_aggressive_cows,10110,True,53068.0,47009.0,1,0,0,6059.0,0
v025_a_aggressive_cows,10110,False,54008.0,44375.0,1,0,0,9633.0,0
v025_a_aggressive_cows,10111,True,61607.0,50510.0,1,0,0,11097.0,0
v025_a_aggressive_cows,10111,False,47631.0,30555.0,1,0,0,17076.0,0
v025_a_aggressive_cows,10112,True,37444.0,35078.0,1,0,0,2366.0,0
v025_a_aggressive_cows,10112,False,46399.0,41750.0,1,0,0,4649.0,0
v025_a_aggressive_cows,10113,True,93504.0,96966.0,0,0,1,-3462.0,0
v025_a_aggressive_cows,10113,False,91419.0,100480.0,0,0,1,-9061.0,0
v025_a_aggressive_cows,10114,True,92729.0,90090.0,1,0,0,2639.0,0
v025_a_aggressive_cows,10114,False,98239.0,91066.0,1,0,0,7173.0,0
v025_a_aggressive_cows,10115,True,62633.0,55127.0,1,0,0,7506.0,0
v025_a_aggressive_cows,10115,False,79622.0,78634.0,1,0,0,988.0,0
v025_a_aggressive_cows,10116,True,44023.0,30048.0,1,0,0,13975.0,0
v025_a_aggressive_cows,10116,False,46197.0,34043.0,1,0,0,12154.0,0
v025_a_aggressive_cows,10117,True,41630.0,26574.0,1,0,0,15056.0,0
v025_a_aggressive_cows,10117,False,40985.0,26742.0,1,0,0,14243.0,0
v025_a_aggressive_cows,10118,True,42169.0,32461.0,1,0,0,9708.0,0
v025_a_aggressive_cows,10118,False,34579.0,20367.0,1,0,0,14212.0,0
v025_a_aggressive_cows,10119,True,63685.0,55036.0,1,0,0,8649.0,0
v025_a_aggressive_cows,10119,False,68001.0,55900.0,1,0,0,12101.0,0
v025_a_aggressive_cows,10120,True,93981.0,92266.0,1,0,0,1715.0,0
v025_a_aggressive_cows,10120,False,87738.0,84717.0,1,0,0,3021.0,0
v025_a_aggressive_cows,10121,True,49419.0,33461.0,1,0,0,15958.0,0
v025_a_aggressive_cows,10121,False,47632.0,34384.0,1,0,0,13248.0,0
v025_a_aggressive_cows,10122,True,47188.0,29190.0,1,0,0,17998.0,0
v025_a_aggressive_cows,10122,False,46044.0,29873.0,1,0,0,16171.0,0
v025_a_aggressive_cows,10123,True,76678.0,68274.0,1,0,0,8404.0,0
v025_a_aggressive_cows,10123,False,92510.0,88138.0,1,0,0,4372.0,0
v025_a_aggressive_cows,10124,True,60428.0,53696.0,1,0,0,6732.0,0
v025_a_aggressive_cows,10124,False,55971.0,50002.0,1,0,0,5969.0,0
v025_a_aggressive_cows,10125,True,75240.0,72952.0,1,0,0,2288.0,0
v025_a_aggressive_cows,10125,False,76592.0,72188.0,1,0,0,4404.0,0
v025_a_aggressive_cows,10126,True,70640.0,65444.0,1,0,0,5196.0,0
v025_a_aggressive_cows,10126,False,53834.0,39618.0,1,0,0,14216.0,0
v025_a_aggressive_cows,10127,True,40600.0,31591.0,1,0,0,9009.0,0
v025_a_aggressive_cows,10127,False,47920.0,41905.0,1,0,0,6015.0,0
v025_a_aggressive_cows,10128,True,45979.0,25098.0,1,0,0,20881.0,0
v025_a_aggressive_cows,10128,False,55047.0,48039.0,1,0,0,7008.0,0
v025_a_aggressive_cows,10129,True,25322.0,25574.0,0,0,1,-252.0,0
v025_a_aggressive_cows,10129,False,29482.0,28352.0,1,0,0,1130.0,0
v025_a_aggressive_cows,10130,True,77800.0,73856.0,1,0,0,3944.0,0
v025_a_aggressive_cows,10130,False,52780.0,35114.0,1,0,0,17666.0,0
v025_a_aggressive_cows,10131,True,68495.0,68009.0,1,0,0,486.0,0
v025_a_aggressive_cows,10131,False,65766.0,59522.0,1,0,0,6244.0,0
v025_a_aggressive_cows,10132,True,95072.0,93032.0,1,0,0,2040.0,0
v025_a_aggressive_cows,10132,False,86701.0,80857.0,1,0,0,5844.0,0
v025_a_aggressive_cows,10133,True,62442.0,50516.0,1,0,0,11926.0,0
v025_a_aggressive_cows,10133,False,64611.0,60068.0,1,0,0,4543.0,0
v025_a_aggressive_cows,10134,True,62145.0,53079.0,1,0,0,9066.0,0
v025_a_aggressive_cows,10134,False,65182.0,61970.0,1,0,0,3212.0,0
v025_a_aggressive_cows,10135,True,53344.0,40563.0,1,0,0,12781.0,0
v025_a_aggressive_cows,10135,False,43457.0,38680.0,1,0,0,4777.0,0
v025_a_aggressive_cows,10136,True,53114.0,33021.0,1,0,0,20093.0,0
v025_a_aggressive_cows,10136,False,51318.0,29432.0,1,0,0,21886.0,0
v025_a_aggressive_cows,10137,True,87702.0,79704.0,1,0,0,7998.0,0
v025_a_aggressive_cows,10137,False,51701.0,37186.0,1,0,0,14515.0,0
v025_a_aggressive_cows,10138,True,50819.0,37548.0,1,0,0,13271.0,0
v025_a_aggressive_cows,10138,False,43500.0,33064.0,1,0,0,10436.0,0
v025_a_aggressive_cows,10139,True,60468.0,42367.0,1,0,0,18101.0,0
v025_a_aggressive_cows,10139,False,59879.0,41024.0,1,0,0,18855.0,0
v025_a_aggressive_cows,10140,True,44202.0,22178.0,1,0,0,22024.0,0
v025_a_aggressive_cows,10140,False,47188.0,27375.0,1,0,0,19813.0,0
v025_a_aggressive_cows,10141,True,44027.0,42098.0,1,0,0,1929.0,0
v025_a_aggressive_cows,10141,False,41954.0,36398.0,1,0,0,5556.0,0
v025_a_aggressive_cows,10142,True,70433.0,54600.0,1,0,0,15833.0,0
v025_a_aggressive_cows,10142,False,84639.0,72632.0,1,0,0,12007.0,0
v025_a_aggressive_cows,10143,True,41889.0,22600.0,1,0,0,19289.0,0
v025_a_aggressive_cows,10143,False,38599.0,24304.0,1,0,0,14295.0,0
v025_a_aggressive_cows,10144,True,35017.0,29996.0,1,0,0,5021.0,0
v025_a_aggressive_cows,10144,False,51678.0,49270.0,1,0,0,2408.0,0
v025_a_aggressive_cows,10145,True,46613.0,42402.0,1,0,0,4211.0,0
v025_a_aggressive_cows,10145,False,50663.0,42095.0,1,0,0,8568.0,0
v025_a_aggressive_cows,10146,True,79815.0,82706.0,0,0,1,-2891.0,0
v025_a_aggressive_cows,10146,False,82127.0,85060.0,0,0,1,-2933.0,0
v025_a_aggressive_cows,10147,True,40919.0,31567.0,1,0,0,9352.0,0
v025_a_aggressive_cows,10147,False,43688.0,31761.0,1,0,0,11927.0,0
v025_a_aggressive_cows,10148,True,51164.0,35307.0,1,0,0,15857.0,0
v025_a_aggressive_cows,10148,False,51000.0,35120.0,1,0,0,15880.0,0
v025_a_aggressive_cows,10149,True,63145.0,55759.0,1,0,0,7386.0,0
v025_a_aggressive_cows,10149,False,95218.0,94930.0,1,0,0,288.0,0
v025_a_aggressive_cows,10150,True,61885.0,49811.0,1,0,0,12074.0,0
v025_a_aggressive_cows,10150,False,67812.0,58547.0,1,0,0,9265.0,0
v025_a_aggressive_cows,10151,True,44930.0,33887.0,1,0,0,11043.0,0
v025_a_aggressive_cows,10151,False,58166.0,51666.0,1,0,0,6500.0,0
v025_a_aggressive_cows,10152,True,15085.0,913.0,1,0,0,14172.0,0
v025_a_aggressive_cows,10152,False,21281.0,8154.0,1,0,0,13127.0,0
v025_a_aggressive_cows,10153,True,36290.0,36863.0,0,0,1,-573.0,0
v025_a_aggressive_cows,10153,False,27594.0,13538.0,1,0,0,14056.0,0
v025_a_aggressive_cows,10154,True,64736.0,70324.0,0,0,1,-5588.0,0
v025_a_aggressive_cows,10154,False,68564.0,72133.0,0,0,1,-3569.0,0
v025_a_aggressive_cows,10155,True,47790.0,32640.0,1,0,0,15150.0,0
v025_a_aggressive_cows,10155,False,49524.0,28020.0,1,0,0,21504.0,0
v025_a_aggressive_cows,10156,True,49854.0,29154.0,1,0,0,20700.0,0
v025_a_aggressive_cows,10156,False,61033.0,46712.0,1,0,0,14321.0,0
v025_a_aggressive_cows,10157,True,40995.0,31346.0,1,0,0,9649.0,0
v025_a_aggressive_cows,10157,False,48305.0,41226.0,1,0,0,7079.0,0
v025_a_aggressive_cows,10158,True,50980.0,43472.0,1,0,0,7508.0,0
v025_a_aggressive_cows,10158,False,50644.0,46124.0,1,0,0,4520.0,0
v025_a_aggressive_cows,10159,True,71917.0,58581.0,1,0,0,13336.0,0
v025_a_aggressive_cows,10159,False,59294.0,42256.0,1,0,0,17038.0,0
v025_a_aggressive_cows,10160,True,60869.0,44163.0,1,0,0,16706.0,0
v025_a_aggressive_cows,10160,False,60583.0,49744.0,1,0,0,10839.0,0
v025_a_aggressive_cows,10161,True,71496.0,64684.0,1,0,0,6812.0,0
v025_a_aggressive_cows,10161,False,88267.0,76347.0,1,0,0,11920.0,0
v025_a_aggressive_cows,10162,True,42639.0,26393.0,1,0,0,16246.0,0
v025_a_aggressive_cows,10162,False,37914.0,20528.0,1,0,0,17386.0,0
v025_a_aggressive_cows,10163,True,80049.0,77647.0,1,0,0,2402.0,0
v025_a_aggressive_cows,10163,False,83449.0,81012.0,1,0,0,2437.0,0
v025_a_aggressive_cows,10164,True,93515.0,101116.0,0,0,1,-7601.0,0
v025_a_aggressive_cows,10164,False,90874.0,95981.0,0,0,1,-5107.0,0
v025_a_aggressive_cows,10165,True,47358.0,52178.0,0,0,1,-4820.0,0
v025_a_aggressive_cows,10165,False,80986.0,76324.0,1,0,0,4662.0,0
v025_a_aggressive_cows,10166,True,47853.0,45873.0,1,0,0,1980.0,0
v025_a_aggressive_cows,10166,False,54300.0,48271.0,1,0,0,6029.0,0
v025_a_aggressive_cows,10167,True,56988.0,52608.0,1,0,0,4380.0,0
v025_a_aggressive_cows,10167,False,61160.0,56373.0,1,0,0,4787.0,0
v025_a_aggressive_cows,10168,True,93954.0,83329.0,1,0,0,10625.0,0
v025_a_aggressive_cows,10168,False,91839.0,82817.0,1,0,0,9022.0,0
v025_a_aggressive_cows,10169,True,38762.0,16829.0,1,0,0,21933.0,0
v025_a_aggressive_cows,10169,False,42498.0,29635.0,1,0,0,12863.0,0
v025_a_aggressive_cows,10170,True,52039.0,34795.0,1,0,0,17244.0,0
v025_a_aggressive_cows,10170,False,51567.0,43047.0,1,0,0,8520.0,0
v025_a_aggressive_cows,10171,True,53378.0,42253.0,1,0,0,11125.0,0
v025_a_aggressive_cows,10171,False,53970.0,40895.0,1,0,0,13075.0,0
v025_a_aggressive_cows,10172,True,51559.0,44066.0,1,0,0,7493.0,0
v025_a_aggressive_cows,10172,False,48479.0,44064.0,1,0,0,4415.0,0
v025_a_aggressive_cows,10173,True,84557.0,82157.0,1,0,0,2400.0,0
v025_a_aggressive_cows,10173,False,90912.0,89113.0,1,0,0,1799.0,0
v025_a_aggressive_cows,10174,True,56803.0,39735.0,1,0,0,17068.0,0
v025_a_aggressive_cows,10174,False,53351.0,36684.0,1,0,0,16667.0,0
v025_a_aggressive_cows,10175,True,59318.0,53486.0,1,0,0,5832.0,0
v025_a_aggressive_cows,10175,False,59134.0,52393.0,1,0,0,6741.0,0
v025_a_aggressive_cows,10176,True,41073.0,24569.0,1,0,0,16504.0,0
v025_a_aggressive_cows,10176,False,49119.0,39769.0,1,0,0,9350.0,0
v025_a_aggressive_cows,10177,True,68316.0,57931.0,1,0,0,10385.0,0
v025_a_aggressive_cows,10177,False,57201.0,48190.0,1,0,0,9011.0,0
v025_a_aggressive_cows,10178,True,59187.0,49673.0,1,0,0,9514.0,0
v025_a_aggressive_cows,10178,False,66295.0,58395.0,1,0,0,7900.0,0
v025_a_aggressive_cows,10179,True,43282.0,34894.0,1,0,0,8388.0,0
v025_a_aggressive_cows,10179,False,83100.0,81295.0,1,0,0,1805.0,0
v025_a_aggressive_cows,10180,True,35071.0,17372.0,1,0,0,17699.0,0
v025_a_aggressive_cows,10180,False,42494.0,30597.0,1,0,0,11897.0,0
v025_a_aggressive_cows,10181,True,42056.0,35909.0,1,0,0,6147.0,0
v025_a_aggressive_cows,10181,False,48123.0,38662.0,1,0,0,9461.0,0
v025_a_aggressive_cows,10182,True,35649.0,22943.0,1,0,0,12706.0,0
v025_a_aggressive_cows,10182,False,31037.0,14937.0,1,0,0,16100.0,0
v025_a_aggressive_cows,10183,True,51429.0,49632.0,1,0,0,1797.0,0
v025_a_aggressive_cows,10183,False,46676.0,41438.0,1,0,0,5238.0,0
v025_a_aggressive_cows,10184,True,50507.0,35050.0,1,0,0,15457.0,0
v025_a_aggressive_cows,10184,False,79710.0,79390.0,1,0,0,320.0,0
v025_a_aggressive_cows,10185,True,69814.0,65145.0,1,0,0,4669.0,0
v025_a_aggressive_cows,10185,False,87079.0,82897.0,1,0,0,4182.0,0
v025_a_aggressive_cows,10186,True,45594.0,29642.0,1,0,0,15952.0,0
v025_a_aggressive_cows,10186,False,71285.0,60772.0,1,0,0,10513.0,0
v025_a_aggressive_cows,10187,True,81428.0,73033.0,1,0,0,8395.0,0
v025_a_aggressive_cows,10187,False,85380.0,76185.0,1,0,0,9195.0,0
v025_a_aggressive_cows,10188,True,31978.0,26034.0,1,0,0,5944.0,0
v025_a_aggressive_cows,10188,False,25525.0,8725.0,1,0,0,16800.0,0
v025_a_aggressive_cows,10189,True,46502.0,31400.0,1,0,0,15102.0,0
v025_a_aggressive_cows,10189,False,84468.0,79308.0,1,0,0,5160.0,0
v025_a_aggressive_cows,10190,True,53936.0,45358.0,1,0,0,8578.0,0
v025_a_aggressive_cows,10190,False,54613.0,47457.0,1,0,0,7156.0,0
v025_a_aggressive_cows,10191,True,84824.0,78131.0,1,0,0,6693.0,0
v025_a_aggressive_cows,10191,False,92267.0,85688.0,1,0,0,6579.0,0
v025_a_aggressive_cows,10192,True,29476.0,28329.0,1,0,0,1147.0,0
v025_a_aggressive_cows,10192,False,47979.0,50786.0,0,0,1,-2807.0,0
v025_a_aggressive_cows,10193,True,51651.0,46239.0,1,0,0,5412.0,0
v025_a_aggressive_cows,10193,False,49704.0,42816.0,1,0,0,6888.0,0
v025_a_aggressive_cows,10194,True,43213.0,28524.0,1,0,0,14689.0,0
v025_a_aggressive_cows,10194,False,50277.0,43473.0,1,0,0,6804.0,0
v025_a_aggressive_cows,10195,True,54344.0,43442.0,1,0,0,10902.0,0
v025_a_aggressive_cows,10195,False,50839.0,42500.0,1,0,0,8339.0,0
v025_a_aggressive_cows,10196,True,56900.0,50435.0,1,0,0,6465.0,0
v025_a_aggressive_cows,10196,False,66892.0,56517.0,1,0,0,10375.0,0
v025_a_aggressive_cows,10197,True,90628.0,99922.0,0,0,1,-9294.0,0
v025_a_aggressive_cows,10197,False,98257.0,100981.0,0,0,1,-2724.0,0
v025_a_aggressive_cows,10198,True,58706.0,41881.0,1,0,0,16825.0,0
v025_a_aggressive_cows,10198,False,65890.0,55108.0,1,0,0,10782.0,0
v025_a_aggressive_cows,10199,True,67493.0,57655.0,1,0,0,9838.0,0
v025_a_aggressive_cows,10199,False,56925.0,53421.0,1,0,0,3504.0,0
v025_a_aggressive_cows,10200,True,55283.0,48323.0,1,0,0,6960.0,0
v025_a_aggressive_cows,10200,False,56069.0,45115.0,1,0,0,10954.0,0
v025_a_aggressive_cows,10201,True,64885.0,47092.0,1,0,0,17793.0,0
v025_a_aggressive_cows,10201,False,91521.0,84287.0,1,0,0,7234.0,0
v025_a_aggressive_cows,10202,True,66031.0,57690.0,1,0,0,8341.0,0
v025_a_aggressive_cows,10202,False,47479.0,30001.0,1,0,0,17478.0,0
v025_a_aggressive_cows,10203,True,52698.0,54676.0,0,0,1,-1978.0,0
v025_a_aggressive_cows,10203,False,39035.0,35181.0,1,0,0,3854.0,0
v025_a_aggressive_cows,10204,True,52100.0,51494.0,1,0,0,606.0,0
v025_a_aggressive_cows,10204,False,88049.0,91105.0,0,0,1,-3056.0,0
v025_a_aggressive_cows,10205,True,58632.0,44044.0,1,0,0,14588.0,0
v025_a_aggressive_cows,10205,False,65150.0,50293.0,1,0,0,14857.0,0
v025_a_aggressive_cows,10206,True,30880.0,13417.0,1,0,0,17463.0,0
v025_a_aggressive_cows,10206,False,55322.0,43761.0,1,0,0,11561.0,0
v025_a_aggressive_cows,10207,True,53429.0,34576.0,1,0,0,18853.0,0
v025_a_aggressive_cows,10207,False,36215.0,18547.0,1,0,0,17668.0,0
v025_a_aggressive_cows,10208,True,83843.0,76702.0,1,0,0,7141.0,0
v025_a_aggressive_cows,10208,False,86897.0,74911.0,1,0,0,11986.0,0
v025_a_aggressive_cows,10209,True,57339.0,49913.0,1,0,0,7426.0,0
v025_a_aggressive_cows,10209,False,55069.0,48513.0,1,0,0,6556.0,0
v025_a_aggressive_cows,10210,True,83925.0,78031.0,1,0,0,5894.0,0
v025_a_aggressive_cows,10210,False,71899.0,65519.0,1,0,0,6380.0,0
v025_a_aggressive_cows,10211,True,53060.0,39968.0,1,0,0,13092.0,0
v025_a_aggressive_cows,10211,False,50267.0,35331.0,1,0,0,14936.0,0
v025_a_aggressive_cows,10212,True,95931.0,102448.0,0,0,1,-6517.0,0
v025_a_aggressive_cows,10212,False,84893.0,84535.0,1,0,0,358.0,0
v025_a_aggressive_cows,10213,True,89424.0,81781.0,1,0,0,7643.0,0
v025_a_aggressive_cows,10213,False,68955.0,56352.0,1,0,0,12603.0,0
v025_a_aggressive_cows,10214,True,43246.0,32741.0,1,0,0,10505.0,0
v025_a_aggressive_cows,10214,False,42209.0,30693.0,1,0,0,11516.0,0
v025_a_aggressive_cows,10215,True,48707.0,35416.0,1,0,0,13291.0,0
v025_a_aggressive_cows,10215,False,55426.0,41071.0,1,0,0,14355.0,0
v025_a_aggressive_cows,10216,True,59305.0,52520.0,1,0,0,6785.0,0
v025_a_aggressive_cows,10216,False,66737.0,66408.0,1,0,0,329.0,0
v025_a_aggressive_cows,10217,True,84169.0,77538.0,1,0,0,6631.0,0
v025_a_aggressive_cows,10217,False,52517.0,36314.0,1,0,0,16203.0,0
v025_a_aggressive_cows,10218,True,52154.0,45914.0,1,0,0,6240.0,0
v025_a_aggressive_cows,10218,False,49305.0,42233.0,1,0,0,7072.0,0
v025_a_aggressive_cows,10219,True,39292.0,27465.0,1,0,0,11827.0,0
v025_a_aggressive_cows,10219,False,41363.0,23339.0,1,0,0,18024.0,0
v025_a_aggressive_cows,10220,True,60211.0,52274.0,1,0,0,7937.0,0
v025_a_aggressive_cows,10220,False,62293.0,59249.0,1,0,0,3044.0,0
v025_a_aggressive_cows,10221,True,48866.0,40734.0,1,0,0,8132.0,0
v025_a_aggressive_cows,10221,False,50071.0,41420.0,1,0,0,8651.0,0
v025_a_aggressive_cows,10222,True,48685.0,31390.0,1,0,0,17295.0,0
v025_a_aggressive_cows,10222,False,60453.0,44171.0,1,0,0,16282.0,0
v025_a_aggressive_cows,10223,True,48322.0,48590.0,0,0,1,-268.0,0
v025_a_aggressive_cows,10223,False,56204.0,50007.0,1,0,0,6197.0,0
v025_a_aggressive_cows,10224,True,52532.0,29410.0,1,0,0,23122.0,0
v025_a_aggressive_cows,10224,False,59143.0,44763.0,1,0,0,14380.0,0
v025_a_aggressive_cows,10225,True,54862.0,49135.0,1,0,0,5727.0,0
v025_a_aggressive_cows,10225,False,50952.0,41523.0,1,0,0,9429.0,0
v025_a_aggressive_cows,10226,True,54679.0,47704.0,1,0,0,6975.0,0
v025_a_aggressive_cows,10226,False,74962.0,66763.0,1,0,0,8199.0,0
v025_a_aggressive_cows,10227,True,62227.0,56473.0,1,0,0,5754.0,0
v025_a_aggressive_cows,10227,False,54703.0,49719.0,1,0,0,4984.0,0
v025_a_aggressive_cows,10228,True,57414.0,51098.0,1,0,0,6316.0,0
v025_a_aggressive_cows,10228,False,60437.0,55749.0,1,0,0,4688.0,0
v025_a_aggressive_cows,10229,True,97475.0,98861.0,0,0,1,-1386.0,0
v025_a_aggressive_cows,10229,False,95858.0,96043.0,0,0,1,-185.0,0
v025_a_aggressive_cows,10230,True,61235.0,54151.0,1,0,0,7084.0,0
v025_a_aggressive_cows,10230,False,56879.0,48423.0,1,0,0,8456.0,0
v025_a_aggressive_cows,10231,True,45992.0,44676.0,1,0,0,1316.0,0
v025_a_aggressive_cows,10231,False,44345.0,41755.0,1,0,0,2590.0,0
v025_a_aggressive_cows,10232,True,59362.0,51883.0,1,0,0,7479.0,0
v025_a_aggressive_cows,10232,False,62427.0,55235.0,1,0,0,7192.0,0
v025_a_aggressive_cows,10233,True,32986.0,31806.0,1,0,0,1180.0,0
v025_a_aggressive_cows,10233,False,46793.0,27861.0,1,0,0,18932.0,0
v025_a_aggressive_cows,10234,True,81743.0,81858.0,0,0,1,-115.0,0
v025_a_aggressive_cows,10234,False,76563.0,71735.0,1,0,0,4828.0,0
v025_a_aggressive_cows,10235,True,90433.0,94327.0,0,0,1,-3894.0,0
v025_a_aggressive_cows,10235,False,80092.0,74297.0,1,0,0,5795.0,0
v025_a_aggressive_cows,10236,True,51650.0,48671.0,1,0,0,2979.0,0
v025_a_aggressive_cows,10236,False,46869.0,32256.0,1,0,0,14613.0,0
v025_a_aggressive_cows,10237,True,56559.0,50014.0,1,0,0,6545.0,0
v025_a_aggressive_cows,10237,False,53053.0,33814.0,1,0,0,19239.0,0
v025_a_aggressive_cows,10238,True,81095.0,73124.0,1,0,0,7971.0,0
v025_a_aggressive_cows,10238,False,50082.0,29082.0,1,0,0,21000.0,0
v025_a_aggressive_cows,10239,True,68617.0,66736.0,1,0,0,1881.0,0
v025_a_aggressive_cows,10239,False,92648.0,98860.0,0,0,1,-6212.0,0
v025_a_aggressive_cows,10240,True,51845.0,34327.0,1,0,0,17518.0,0
v025_a_aggressive_cows,10240,False,49252.0,38976.0,1,0,0,10276.0,0
v025_a_aggressive_cows,10241,True,45863.0,32631.0,1,0,0,13232.0,0
v025_a_aggressive_cows,10241,False,49146.0,27990.0,1,0,0,21156.0,0
v025_a_aggressive_cows,10242,True,94282.0,91565.0,1,0,0,2717.0,0
v025_a_aggressive_cows,10242,False,83092.0,88473.0,0,0,1,-5381.0,0
v025_a_aggressive_cows,10243,True,82461.0,79724.0,1,0,0,2737.0,0
v025_a_aggressive_cows,10243,False,88108.0,87739.0,1,0,0,369.0,0
v025_a_aggressive_cows,10244,True,60483.0,48052.0,1,0,0,12431.0,0
v025_a_aggressive_cows,10244,False,44009.0,21011.0,1,0,0,22998.0,0
v025_a_aggressive_cows,10245,True,50426.0,44075.0,1,0,0,6351.0,0
v025_a_aggressive_cows,10245,False,49832.0,43381.0,1,0,0,6451.0,0
v025_a_aggressive_cows,10246,True,50699.0,50921.0,0,0,1,-222.0,0
v025_a_aggressive_cows,10246,False,51488.0,47362.0,1,0,0,4126.0,0
v025_a_aggressive_cows,10247,True,49098.0,34899.0,1,0,0,14199.0,0
v025_a_aggressive_cows,10247,False,45982.0,41677.0,1,0,0,4305.0,0
v025_a_aggressive_cows,10248,True,53738.0,34035.0,1,0,0,19703.0,0
v025_a_aggressive_cows,10248,False,58722.0,45713.0,1,0,0,13009.0,0
v025_a_aggressive_cows,10249,True,46913.0,42680.0,1,0,0,4233.0,0
v025_a_aggressive_cows,10249,False,41231.0,38694.0,1,0,0,2537.0,0
v025_a_aggressive_cows,10250,True,69431.0,64897.0,1,0,0,4534.0,0
v025_a_aggressive_cows,10250,False,48157.0,44699.0,1,0,0,3458.0,0
v025_a_aggressive_cows,10251,True,48187.0,42900.0,1,0,0,5287.0,0
v025_a_aggressive_cows,10251,False,76173.0,67996.0,1,0,0,8177.0,0
v025_a_aggressive_cows,10252,True,59076.0,47974.0,1,0,0,11102.0,0
v025_a_aggressive_cows,10252,False,54072.0,31840.0,1,0,0,22232.0,0
v025_a_aggressive_cows,10253,True,51533.0,46833.0,1,0,0,4700.0,0
v025_a_aggressive_cows,10253,False,48368.0,31325.0,1,0,0,17043.0,0
v025_a_aggressive_cows,10254,True,85806.0,78412.0,1,0,0,7394.0,0
v025_a_aggressive_cows,10254,False,81140.0,64722.0,1,0,0,16418.0,0
v025_a_aggressive_cows,10255,True,47294.0,43367.0,1,0,0,3927.0,0
v025_a_aggressive_cows,10255,False,50069.0,39641.0,1,0,0,10428.0,0
v025_a_aggressive_cows,10256,True,52994.0,35790.0,1,0,0,17204.0,0
v025_a_aggressive_cows,10256,False,33646.0,22027.0,1,0,0,11619.0,0
v025_a_aggressive_cows,10257,True,46333.0,36587.0,1,0,0,9746.0,0
v025_a_aggressive_cows,10257,False,61403.0,46909.0,1,0,0,14494.0,0
v025_a_aggressive_cows,10258,True,80835.0,75204.0,1,0,0,5631.0,0
v025_a_aggressive_cows,10258,False,51059.0,40646.0,1,0,0,10413.0,0
v025_a_aggressive_cows,10259,True,28732.0,29542.0,0,0,1,-810.0,0
v025_a_aggressive_cows,10259,False,38048.0,36032.0,1,0,0,2016.0,0
v025_a_aggressive_cows,10260,True,72310.0,71347.0,1,0,0,963.0,0
v025_a_aggressive_cows,10260,False,83355.0,78321.0,1,0,0,5034.0,0
v025_a_aggressive_cows,10261,True,52885.0,47769.0,1,0,0,5116.0,0
v025_a_aggressive_cows,10261,False,57793.0,48526.0,1,0,0,9267.0,0
v025_a_aggressive_cows,10262,True,70826.0,63024.0,1,0,0,7802.0,0
v025_a_aggressive_cows,10262,False,86073.0,89665.0,0,0,1,-3592.0,0
v025_a_aggressive_cows,10263,True,42070.0,23216.0,1,0,0,18854.0,0
v025_a_aggressive_cows,10263,False,80256.0,76479.0,1,0,0,3777.0,0
v025_a_aggressive_cows,10264,True,71138.0,59470.0,1,0,0,11668.0,0
v025_a_aggressive_cows,10264,False,74312.0,68381.0,1,0,0,5931.0,0
v025_a_aggressive_cows,10265,True,95656.0,91618.0,1,0,0,4038.0,0
v025_a_aggressive_cows,10265,False,76077.0,68387.0,1,0,0,7690.0,0
v025_a_aggressive_cows,10266,True,87693.0,84218.0,1,0,0,3475.0,0
v025_a_aggressive_cows,10266,False,86537.0,81700.0,1,0,0,4837.0,0
v025_a_aggressive_cows,10267,True,43485.0,29805.0,1,0,0,13680.0,0
v025_a_aggressive_cows,10267,False,40041.0,25022.0,1,0,0,15019.0,0
v025_a_aggressive_cows,10268,True,52639.0,46978.0,1,0,0,5661.0,0
v025_a_aggressive_cows,10268,False,49534.0,40312.0,1,0,0,9222.0,0
v025_a_aggressive_cows,10269,True,61061.0,56363.0,1,0,0,4698.0,0
v025_a_aggressive_cows,10269,False,74254.0,70987.0,1,0,0,3267.0,0
v025_a_aggressive_cows,10270,True,83047.0,75346.0,1,0,0,7701.0,0
v025_a_aggressive_cows,10270,False,59776.0,47822.0,1,0,0,11954.0,0
v025_a_aggressive_cows,10271,True,44209.0,35400.0,1,0,0,8809.0,0
v025_a_aggressive_cows,10271,False,50248.0,46158.0,1,0,0,4090.0,0
v025_a_aggressive_cows,10272,True,46163.0,27668.0,1,0,0,18495.0,0
v025_a_aggressive_cows,10272,False,44011.0,30296.0,1,0,0,13715.0,0
v025_a_aggressive_cows,10273,True,72853.0,73896.0,0,0,1,-1043.0,0
v025_a_aggressive_cows,10273,False,54964.0,62212.0,0,0,1,-7248.0,0
v025_a_aggressive_cows,10274,True,41660.0,37526.0,1,0,0,4134.0,0
v025_a_aggressive_cows,10274,False,47720.0,41284.0,1,0,0,6436.0,0
v025_a_aggressive_cows,10275,True,31919.0,27860.0,1,0,0,4059.0,0
v025_a_aggressive_cows,10275,False,57511.0,42512.0,1,0,0,14999.0,0
v025_a_aggressive_cows,10276,True,90418.0,90156.0,1,0,0,262.0,0
v025_a_aggressive_cows,10276,False,89930.0,92510.0,0,0,1,-2580.0,0
v025_a_aggressive_cows,10277,True,41937.0,34389.0,1,0,0,7548.0,0
v025_a_aggressive_cows,10277,False,44419.0,33876.0,1,0,0,10543.0,0
v025_a_aggressive_cows,10278,True,50333.0,35324.0,1,0,0,15009.0,0
v025_a_aggressive_cows,10278,False,65656.0,45997.0,1,0,0,19659.0,0
v025_a_aggressive_cows,10279,True,89470.0,86123.0,1,0,0,3347.0,0
v025_a_aggressive_cows,10279,False,87022.0,81593.0,1,0,0,5429.0,0
v025_a_aggressive_cows,10280,True,75106.0,69920.0,1,0,0,5186.0,0
v025_a_aggressive_cows,10280,False,76320.0,75873.0,1,0,0,447.0,0
v025_a_aggressive_cows,10281,True,50526.0,42485.0,1,0,0,8041.0,0
v025_a_aggressive_cows,10281,False,48328.0,39492.0,1,0,0,8836.0,0
v025_a_aggressive_cows,10282,True,59559.0,45050.0,1,0,0,14509.0,0
v025_a_aggressive_cows,10282,False,65295.0,53703.0,1,0,0,11592.0,0
v025_a_aggressive_cows,10283,True,32718.0,17634.0,1,0,0,15084.0,0
v025_a_aggressive_cows,10283,False,58609.0,44594.0,1,0,0,14015.0,0
v025_a_aggressive_cows,10284,True,35336.0,20946.0,1,0,0,14390.0,0
v025_a_aggressive_cows,10284,False,43044.0,23633.0,1,0,0,19411.0,0
v025_a_aggressive_cows,10285,True,71497.0,55724.0,1,0,0,15773.0,0
v025_a_aggressive_cows,10285,False,59081.0,49596.0,1,0,0,9485.0,0
v025_a_aggressive_cows,10286,True,53582.0,42601.0,1,0,0,10981.0,0
v025_a_aggressive_cows,10286,False,51251.0,43884.0,1,0,0,7367.0,0
v025_a_aggressive_cows,10287,True,51539.0,39367.0,1,0,0,12172.0,0
v025_a_aggressive_cows,10287,False,34564.0,16384.0,1,0,0,18180.0,0
v025_a_aggressive_cows,10288,True,56734.0,43414.0,1,0,0,13320.0,0
v025_a_aggressive_cows,10288,False,56800.0,33985.0,1,0,0,22815.0,0
v025_a_aggressive_cows,10289,True,53947.0,48951.0,1,0,0,4996.0,0
v025_a_aggressive_cows,10289,False,58195.0,52822.0,1,0,0,5373.0,0
v025_a_aggressive_cows,10290,True,45595.0,39549.0,1,0,0,6046.0,0
v025_a_aggressive_cows,10290,False,47218.0,27053.0,1,0,0,20165.0,0
v025_a_aggressive_cows,10291,True,56505.0,48275.0,1,0,0,8230.0,0
v025_a_aggressive_cows,10291,False,46094.0,26278.0,1,0,0,19816.0,0
v025_a_aggressive_cows,10292,True,56858.0,51822.0,1,0,0,5036.0,0
v025_a_aggressive_cows,10292,False,61473.0,49628.0,1,0,0,11845.0,0
v025_a_aggressive_cows,10293,True,46612.0,43172.0,1,0,0,3440.0,0
v025_a_aggressive_cows,10293,False,53672.0,46901.0,1,0,0,6771.0,0
v025_a_aggressive_cows,10294,True,63996.0,54877.0,1,0,0,9119.0,0
v025_a_aggressive_cows,10294,False,58436.0,48840.0,1,0,0,9596.0,0
v025_a_aggressive_cows,10295,True,81622.0,80989.0,1,0,0,633.0,0
v025_a_aggressive_cows,10295,False,55388.0,58737.0,0,0,1,-3349.0,0
v025_a_aggressive_cows,10296,True,40170.0,26786.0,1,0,0,13384.0,0
v025_a_aggressive_cows,10296,False,43488.0,31309.0,1,0,0,12179.0,0
v025_a_aggressive_cows,10297,True,46470.0,30739.0,1,0,0,15731.0,0
v025_a_aggressive_cows,10297,False,40829.0,27582.0,1,0,0,13247.0,0
v025_a_aggressive_cows,10298,True,39710.0,22649.0,1,0,0,17061.0,0
v025_a_aggressive_cows,10298,False,81943.0,79153.0,1,0,0,2790.0,0
v025_a_aggressive_cows,10299,True,49109.0,31834.0,1,0,0,17275.0,0
v025_a_aggressive_cows,10299,False,53902.0,34891.0,1,0,0,19011.0,0
v025_a_aggressive_cows,10300,True,99798.0,97205.0,1,0,0,2593.0,0
v025_a_aggressive_cows,10300,False,102261.0,95695.0,1,0,0,6566.0,0
v025_a_aggressive_cows,10301,True,48264.0,30794.0,1,0,0,17470.0,0
v025_a_aggressive_cows,10301,False,44492.0,41055.0,1,0,0,3437.0,0
v025_a_aggressive_cows,10302,True,66874.0,61917.0,1,0,0,4957.0,0
v025_a_aggressive_cows,10302,False,77525.0,76186.0,1,0,0,1339.0,0
v025_a_aggressive_cows,10303,True,49135.0,32866.0,1,0,0,16269.0,0
v025_a_aggressive_cows,10303,False,53697.0,32099.0,1,0,0,21598.0,0
v025_a_aggressive_cows,10304,True,51149.0,40392.0,1,0,0,10757.0,0
v025_a_aggressive_cows,10304,False,47404.0,42320.0,1,0,0,5084.0,0
v025_a_aggressive_cows,10305,True,78485.0,65714.0,1,0,0,12771.0,0
v025_a_aggressive_cows,10305,False,59746.0,47212.0,1,0,0,12534.0,0
v025_a_aggressive_cows,10306,True,63659.0,53647.0,1,0,0,10012.0,0
v025_a_aggressive_cows,10306,False,59294.0,47040.0,1,0,0,12254.0,0
v025_a_aggressive_cows,10307,True,57105.0,54384.0,1,0,0,2721.0,0
v025_a_aggressive_cows,10307,False,76538.0,71427.0,1,0,0,5111.0,0
v025_a_aggressive_cows,10308,True,62222.0,61942.0,1,0,0,280.0,0
v025_a_aggressive_cows,10308,False,54968.0,54456.0,1,0,0,512.0,0
v025_a_aggressive_cows,10309,True,58840.0,51558.0,1,0,0,7282.0,0
v025_a_aggressive_cows,10309,False,59193.0,48305.0,1,0,0,10888.0,0
v025_a_aggressive_cows,10310,True,58040.0,55336.0,1,0,0,2704.0,0
v025_a_aggressive_cows,10310,False,42865.0,28212.0,1,0,0,14653.0,0
v025_a_aggressive_cows,10311,True,55488.0,48236.0,1,0,0,7252.0,0
v025_a_aggressive_cows,10311,False,52807.0,37513.0,1,0,0,15294.0,0
v025_a_aggressive_cows,10312,True,56577.0,45003.0,1,0,0,11574.0,0
v025_a_aggressive_cows,10312,False,56183.0,47137.0,1,0,0,9046.0,0
v025_a_aggressive_cows,10313,True,70552.0,57414.0,1,0,0,13138.0,0
v025_a_aggressive_cows,10313,False,69918.0,61181.0,1,0,0,8737.0,0
v025_a_aggressive_cows,10314,True,64570.0,48791.0,1,0,0,15779.0,0
v025_a_aggressive_cows,10314,False,62096.0,51745.0,1,0,0,10351.0,0
v025_a_aggressive_cows,10315,True,44979.0,31751.0,1,0,0,13228.0,0
v025_a_aggressive_cows,10315,False,88926.0,87242.0,1,0,0,1684.0,0
v025_a_aggressive_cows,10316,True,88395.0,86079.0,1,0,0,2316.0,0
v025_a_aggressive_cows,10316,False,74980.0,67821.0,1,0,0,7159.0,0
v025_a_aggressive_cows,10317,True,64586.0,52836.0,1,0,0,11750.0,0
v025_a_aggressive_cows,10317,False,64328.0,47456.0,1,0,0,16872.0,0
v025_a_aggressive_cows,10318,True,42004.0,33671.0,1,0,0,8333.0,0
v025_a_aggressive_cows,10318,False,47294.0,43339.0,1,0,0,3955.0,0
v025_a_aggressive_cows,10319,True,57305.0,45362.0,1,0,0,11943.0,0
v025_a_aggressive_cows,10319,False,51532.0,32859.0,1,0,0,18673.0,0
v025_a_aggressive_cows,10320,True,60259.0,60633.0,0,0,1,-374.0,0
v025_a_aggressive_cows,10320,False,65470.0,64745.0,1,0,0,725.0,0
v025_a_aggressive_cows,10321,True,55837.0,48075.0,1,0,0,7762.0,0
v025_a_aggressive_cows,10321,False,37252.0,27789.0,1,0,0,9463.0,0
v025_a_aggressive_cows,10322,True,42033.0,22466.0,1,0,0,19567.0,0
v025_a_aggressive_cows,10322,False,31419.0,18298.0,1,0,0,13121.0,0
v025_a_aggressive_cows,10323,True,44010.0,21535.0,1,0,0,22475.0,0
v025_a_aggressive_cows,10323,False,46036.0,28382.0,1,0,0,17654.0,0
v025_a_aggressive_cows,10324,True,60461.0,59762.0,1,0,0,699.0,0
v025_a_aggressive_cows,10324,False,40697.0,26023.0,1,0,0,14674.0,0
v025_a_aggressive_cows,10325,True,68969.0,63878.0,1,0,0,5091.0,0
v025_a_aggressive_cows,10325,False,86332.0,76084.0,1,0,0,10248.0,0
v025_a_aggressive_cows,10326,True,33129.0,30106.0,1,0,0,3023.0,0
v025_a_aggressive_cows,10326,False,50310.0,36904.0,1,0,0,13406.0,0
v025_a_aggressive_cows,10327,True,41061.0,23658.0,1,0,0,17403.0,0
v025_a_aggressive_cows,10327,False,33238.0,20860.0,1,0,0,12378.0,0
v025_a_aggressive_cows,10328,True,52988.0,50186.0,1,0,0,2802.0,0
v025_a_aggressive_cows,10328,False,58647.0,58340.0,1,0,0,307.0,0
v025_a_aggressive_cows,10329,True,54161.0,48661.0,1,0,0,5500.0,0
v025_a_aggressive_cows,10329,False,62249.0,57464.0,1,0,0,4785.0,0
v025_a_aggressive_cows,10330,True,87704.0,79024.0,1,0,0,8680.0,0
v025_a_aggressive_cows,10330,False,73172.0,56104.0,1,0,0,17068.0,0
v025_a_aggressive_cows,10331,True,51123.0,44821.0,1,0,0,6302.0,0
v025_a_aggressive_cows,10331,False,55012.0,47629.0,1,0,0,7383.0,0
v025_a_aggressive_cows,10332,True,65285.0,57592.0,1,0,0,7693.0,0
v025_a_aggressive_cows,10332,False,97699.0,98968.0,0,0,1,-1269.0,0
v025_a_aggressive_cows,10333,True,53221.0,42899.0,1,0,0,10322.0,0
v025_a_aggressive_cows,10333,False,40177.0,30025.0,1,0,0,10152.0,0
v025_a_aggressive_cows,10334,True,73666.0,61193.0,1,0,0,12473.0,0
v025_a_aggressive_cows,10334,False,61381.0,51756.0,1,0,0,9625.0,0
v025_a_aggressive_cows,10335,True,51214.0,45449.0,1,0,0,5765.0,0
v025_a_aggressive_cows,10335,False,52067.0,45000.0,1,0,0,7067.0,0
v025_a_aggressive_cows,10336,True,46105.0,35332.0,1,0,0,10773.0,0
v025_a_aggressive_cows,10336,False,46071.0,42680.0,1,0,0,3391.0,0
v025_a_aggressive_cows,10337,True,46605.0,43512.0,1,0,0,3093.0,0
v025_a_aggressive_cows,10337,False,43330.0,39738.0,1,0,0,3592.0,0
v025_a_aggressive_cows,10338,True,57518.0,52082.0,1,0,0,5436.0,0
v025_a_aggressive_cows,10338,False,36281.0,34658.0,1,0,0,1623.0,0
v025_a_aggressive_cows,10339,True,40740.0,31255.0,1,0,0,9485.0,0
v025_a_aggressive_cows,10339,False,79040.0,77342.0,1,0,0,1698.0,0
v025_a_aggressive_cows,10340,True,91555.0,88842.0,1,0,0,2713.0,0
v025_a_aggressive_cows,10340,False,89348.0,84180.0,1,0,0,5168.0,0
v025_a_aggressive_cows,10341,True,58409.0,57007.0,1,0,0,1402.0,0
v025_a_aggressive_cows,10341,False,61025.0,51708.0,1,0,0,9317.0,0
v025_a_aggressive_cows,10342,True,38002.0,39022.0,0,0,1,-1020.0,0
v025_a_aggressive_cows,10342,False,34149.0,32558.0,1,0,0,1591.0,0
v025_a_aggressive_cows,10343,True,55621.0,46557.0,1,0,0,9064.0,0
v025_a_aggressive_cows,10343,False,81350.0,73949.0,1,0,0,7401.0,0
v025_a_aggressive_cows,10344,True,91825.0,98275.0,0,0,1,-6450.0,0
v025_a_aggressive_cows,10344,False,51601.0,50430.0,1,0,0,1171.0,0
v025_a_aggressive_cows,10345,True,41375.0,25115.0,1,0,0,16260.0,0
v025_a_aggressive_cows,10345,False,42972.0,27547.0,1,0,0,15425.0,0
v025_a_aggressive_cows,10346,True,50933.0,48106.0,1,0,0,2827.0,0
v025_a_aggressive_cows,10346,False,55073.0,49611.0,1,0,0,5462.0,0
v025_a_aggressive_cows,10347,True,42152.0,24556.0,1,0,0,17596.0,0
v025_a_aggressive_cows,10347,False,47941.0,26854.0,1,0,0,21087.0,0
v025_a_aggressive_cows,10348,True,43332.0,21458.0,1,0,0,21874.0,0
v025_a_aggressive_cows,10348,False,36959.0,16394.0,1,0,0,20565.0,0
v025_a_aggressive_cows,10349,True,59683.0,40999.0,1,0,0,18684.0,0
v025_a_aggressive_cows,10349,False,62437.0,49765.0,1,0,0,12672.0,0
v025_a_aggressive_cows,10350,True,46267.0,37843.0,1,0,0,8424.0,0
v025_a_aggressive_cows,10350,False,54789.0,38395.0,1,0,0,16394.0,0
v025_a_aggressive_cows,10351,True,46839.0,44792.0,1,0,0,2047.0,0
v025_a_aggressive_cows,10351,False,49154.0,41429.0,1,0,0,7725.0,0
v025_a_aggressive_cows,10352,True,76565.0,71308.0,1,0,0,5257.0,0
v025_a_aggressive_cows,10352,False,61658.0,48927.0,1,0,0,12731.0,0
v025_a_aggressive_cows,10353,True,76492.0,68607.0,1,0,0,7885.0,0
v025_a_aggressive_cows,10353,False,82135.0,76781.0,1,0,0,5354.0,0
v025_a_aggressive_cows,10354,True,64149.0,57931.0,1,0,0,6218.0,0
v025_a_aggressive_cows,10354,False,66108.0,59955.0,1,0,0,6153.0,0
v025_a_aggressive_cows,10355,True,45246.0,26801.0,1,0,0,18445.0,0
v025_a_aggressive_cows,10355,False,48332.0,30475.0,1,0,0,17857.0,0
v025_a_aggressive_cows,10356,True,46916.0,45316.0,1,0,0,1600.0,0
v025_a_aggressive_cows,10356,False,90059.0,92722.0,0,0,1,-2663.0,0
v025_a_aggressive_cows,10357,True,68145.0,54711.0,1,0,0,13434.0,0
v025_a_aggressive_cows,10357,False,74152.0,69848.0,1,0,0,4304.0,0
v025_a_aggressive_cows,10358,True,39384.0,36539.0,1,0,0,2845.0,0
v025_a_aggressive_cows,10358,False,45136.0,40785.0,1,0,0,4351.0,0
v025_a_aggressive_cows,10359,True,72178.0,74070.0,0,0,1,-1892.0,0
v025_a_aggressive_cows,10359,False,49909.0,45306.0,1,0,0,4603.0,0
v025_a_aggressive_cows,10360,True,46965.0,32870.0,1,0,0,14095.0,0
v025_a_aggressive_cows,10360,False,37581.0,21165.0,1,0,0,16416.0,0
v025_a_aggressive_cows,10361,True,55013.0,41628.0,1,0,0,13385.0,0
v025_a_aggressive_cows,10361,False,46903.0,35664.0,1,0,0,11239.0,0
v025_a_aggressive_cows,10362,True,85526.0,76441.0,1,0,0,9085.0,0
v025_a_aggressive_cows,10362,False,60482.0,53724.0,1,0,0,6758.0,0
v025_a_aggressive_cows,10363,True,40713.0,30033.0,1,0,0,10680.0,0
v025_a_aggressive_cows,10363,False,43240.0,26107.0,1,0,0,17133.0,0
v025_a_aggressive_cows,10364,True,68339.0,56719.0,1,0,0,11620.0,0
v025_a_aggressive_cows,10364,False,59731.0,58563.0,1,0,0,1168.0,0
v025_a_aggressive_cows,10365,True,68392.0,60690.0,1,0,0,7702.0,0
v025_a_aggressive_cows,10365,False,54858.0,55492.0,0,0,1,-634.0,0
v025_a_aggressive_cows,10366,True,38632.0,25987.0,1,0,0,12645.0,0
v025_a_aggressive_cows,10366,False,40190.0,30831.0,1,0,0,9359.0,0
v025_a_aggressive_cows,10367,True,89366.0,82514.0,1,0,0,6852.0,0
v025_a_aggressive_cows,10367,False,84177.0,85694.0,0,0,1,-1517.0,0
v025_a_aggressive_cows,10368,True,49528.0,28113.0,1,0,0,21415.0,0
v025_a_aggressive_cows,10368,False,50377.0,29109.0,1,0,0,21268.0,0
v025_a_aggressive_cows,10369,True,62757.0,63642.0,0,0,1,-885.0,0
v025_a_aggressive_cows,10369,False,87091.0,86061.0,1,0,0,1030.0,0
v025_a_aggressive_cows,10370,True,64201.0,64656.0,0,0,1,-455.0,0
v025_a_aggressive_cows,10370,False,64201.0,64656.0,0,0,1,-455.0,0
v025_a_aggressive_cows,10371,True,58786.0,44574.0,1,0,0,14212.0,0
v025_a_aggressive_cows,10371,False,52438.0,36982.0,1,0,0,15456.0,0
v025_a_aggressive_cows,10372,True,77335.0,79467.0,0,0,1,-2132.0,0
v025_a_aggressive_cows,10372,False,44791.0,40098.0,1,0,0,4693.0,0
v025_a_aggressive_cows,10373,True,45114.0,29342.0,1,0,0,15772.0,0
v025_a_aggressive_cows,10373,False,45180.0,25284.0,1,0,0,19896.0,0
v025_a_aggressive_cows,10374,True,84111.0,76712.0,1,0,0,7399.0,0
v025_a_aggressive_cows,10374,False,85237.0,88001.0,0,0,1,-2764.0,0
v025_a_aggressive_cows,10375,True,56677.0,53191.0,1,0,0,3486.0,0
v025_a_aggressive_cows,10375,False,61646.0,50641.0,1,0,0,11005.0,0
v025_a_aggressive_cows,10376,True,48805.0,39010.0,1,0,0,9795.0,0
v025_a_aggressive_cows,10376,False,46826.0,40785.0,1,0,0,6041.0,0
v025_a_aggressive_cows,10377,True,51795.0,40736.0,1,0,0,11059.0,0
v025_a_aggressive_cows,10377,False,56112.0,46134.0,1,0,0,9978.0,0
v025_a_aggressive_cows,10378,True,30475.0,16802.0,1,0,0,13673.0,0
v025_a_aggressive_cows,10378,False,30110.0,15898.0,1,0,0,14212.0,0
v025_a_aggressive_cows,10379,True,43409.0,41275.0,1,0,0,2134.0,0
v025_a_aggressive_cows,10379,False,41809.0,34923.0,1,0,0,6886.0,0
v025_a_aggressive_cows,10380,True,49159.0,34421.0,1,0,0,14738.0,0
v025_a_aggressive_cows,10380,False,51398.0,39233.0,1,0,0,12165.0,0
v025_a_aggressive_cows,10381,True,60215.0,47653.0,1,0,0,12562.0,0
v025_a_aggressive_cows,10381,False,59721.0,48070.0,1,0,0,11651.0,0
v025_a_aggressive_cows,10382,True,31005.0,30327.0,1,0,0,678.0,0
v025_a_aggressive_cows,10382,False,41110.0,36195.0,1,0,0,4915.0,0
v025_a_aggressive_cows,10383,True,53787.0,47239.0,1,0,0,6548.0,0
v025_a_aggressive_cows,10383,False,63926.0,47117.0,1,0,0,16809.0,0
v025_a_aggressive_cows,10384,True,41400.0,21098.0,1,0,0,20302.0,0
v025_a_aggressive_cows,10384,False,80445.0,74182.0,1,0,0,6263.0,0
v025_a_aggressive_cows,10385,True,76365.0,60801.0,1,0,0,15564.0,0
v025_a_aggressive_cows,10385,False,60493.0,52447.0,1,0,0,8046.0,0
v025_a_aggressive_cows,10386,True,23301.0,14068.0,1,0,0,9233.0,0
v025_a_aggressive_cows,10386,False,42120.0,35339.0,1,0,0,6781.0,0
v025_a_aggressive_cows,10387,True,56873.0,53711.0,1,0,0,3162.0,0
v025_a_aggressive_cows,10387,False,56872.0,53947.0,1,0,0,2925.0,0
v025_a_aggressive_cows,10388,True,62407.0,53721.0,1,0,0,8686.0,0
v025_a_aggressive_cows,10388,False,64231.0,53285.0,1,0,0,10946.0,0
v025_a_aggressive_cows,10389,True,68356.0,66440.0,1,0,0,1916.0,0
v025_a_aggressive_cows,10389,False,28048.0,29714.0,0,0,1,-1666.0,0
v025_a_aggressive_cows,10390,True,62973.0,47536.0,1,0,0,15437.0,0
v025_a_aggressive_cows,10390,False,58817.0,44509.0,1,0,0,14308.0,0
v025_a_aggressive_cows,10391,True,44568.0,28152.0,1,0,0,16416.0,0
v025_a_aggressive_cows,10391,False,48921.0,31642.0,1,0,0,17279.0,0
v025_a_aggressive_cows,10392,True,71079.0,59609.0,1,0,0,11470.0,0
v025_a_aggressive_cows,10392,False,68591.0,64331.0,1,0,0,4260.0,0
v025_a_aggressive_cows,10393,True,61180.0,43361.0,1,0,0,17819.0,0
v025_a_aggressive_cows,10393,False,56653.0,42219.0,1,0,0,14434.0,0
v025_a_aggressive_cows,10394,True,37859.0,29941.0,1,0,0,7918.0,0
v025_a_aggressive_cows,10394,False,51494.0,38470.0,1,0,0,13024.0,0
v025_a_aggressive_cows,10395,True,44373.0,40646.0,1,0,0,3727.0,0
v025_a_aggressive_cows,10395,False,60935.0,55659.0,1,0,0,5276.0,0
v025_a_aggressive_cows,10396,True,69547.0,59866.0,1,0,0,9681.0,0
v025_a_aggressive_cows,10396,False,50580.0,37561.0,1,0,0,13019.0,0
v025_a_aggressive_cows,10397,True,51178.0,38687.0,1,0,0,12491.0,0
v025_a_aggressive_cows,10397,False,40891.0,26088.0,1,0,0,14803.0,0
v025_a_aggressive_cows,10398,True,43024.0,40441.0,1,0,0,2583.0,0
v025_a_aggressive_cows,10398,False,46024.0,40456.0,1,0,0,5568.0,0
v025_a_aggressive_cows,10399,True,35523.0,32809.0,1,0,0,2714.0,0
v025_a_aggressive_cows,10399,False,34893.0,32267.0,1,0,0,2626.0,0
v025_a_aggressive_cows,10400,True,47114.0,38636.0,1,0,0,8478.0,0
v025_a_aggressive_cows,10400,False,50323.0,38917.0,1,0,0,11406.0,0
v025_a_aggressive_cows,10401,True,75676.0,75042.0,1,0,0,634.0,0
v025_a_aggressive_cows,10401,False,79382.0,73811.0,1,0,0,5571.0,0
v025_a_aggressive_cows,10402,True,28155.0,26025.0,1,0,0,2130.0,0
v025_a_aggressive_cows,10402,False,27175.0,25283.0,1,0,0,1892.0,0
v025_a_aggressive_cows,10403,True,84510.0,80302.0,1,0,0,4208.0,0
v025_a_aggressive_cows,10403,False,48399.0,35748.0,1,0,0,12651.0,0
v025_a_aggressive_cows,10404,True,41183.0,24014.0,1,0,0,17169.0,0
v025_a_aggressive_cows,10404,False,37361.0,22741.0,1,0,0,14620.0,0
v025_a_aggressive_cows,10405,True,41561.0,41264.0,1,0,0,297.0,0
v025_a_aggressive_cows,10405,False,51786.0,48353.0,1,0,0,3433.0,0
v025_a_aggressive_cows,10406,True,34150.0,18761.0,1,0,0,15389.0,0
v025_a_aggressive_cows,10406,False,39495.0,26184.0,1,0,0,13311.0,0
v025_a_aggressive_cows,10407,True,48200.0,27691.0,1,0,0,20509.0,0
v025_a_aggressive_cows,10407,False,39639.0,22761.0,1,0,0,16878.0,0
v025_a_aggressive_cows,10408,True,57920.0,43574.0,1,0,0,14346.0,0
v025_a_aggressive_cows,10408,False,67375.0,51765.0,1,0,0,15610.0,0
v025_a_aggressive_cows,10409,True,70876.0,66855.0,1,0,0,4021.0,0
v025_a_aggressive_cows,10409,False,81632.0,82360.0,0,0,1,-728.0,0
v025_a_aggressive_cows,10410,True,76359.0,56671.0,1,0,0,19688.0,0
v025_a_aggressive_cows,10410,False,68371.0,58550.0,1,0,0,9821.0,0
v025_a_aggressive_cows,10411,True,45090.0,40236.0,1,0,0,4854.0,0
v025_a_aggressive_cows,10411,False,75432.0,73404.0,1,0,0,2028.0,0
v025_a_aggressive_cows,10412,True,63445.0,58511.0,1,0,0,4934.0,0
v025_a_aggressive_cows,10412,False,84750.0,77947.0,1,0,0,6803.0,0
v025_a_aggressive_cows,10413,True,89045.0,86120.0,1,0,0,2925.0,0
v025_a_aggressive_cows,10413,False,88339.0,84437.0,1,0,0,3902.0,0
v025_a_aggressive_cows,10414,True,45580.0,26707.0,1,0,0,18873.0,0
v025_a_aggressive_cows,10414,False,48192.0,29382.0,1,0,0,18810.0,0
v025_a_aggressive_cows,10415,True,68489.0,56052.0,1,0,0,12437.0,0
v025_a_aggressive_cows,10415,False,47355.0,32744.0,1,0,0,14611.0,0
v025_a_aggressive_cows,10416,True,91362.0,92218.0,0,0,1,-856.0,0
v025_a_aggressive_cows,10416,False,83624.0,75788.0,1,0,0,7836.0,0
v025_a_aggressive_cows,10417,True,42760.0,21877.0,1,0,0,20883.0,0
v025_a_aggressive_cows,10417,False,35080.0,20614.0,1,0,0,14466.0,0
v025_a_aggressive_cows,10418,True,67607.0,65046.0,1,0,0,2561.0,0
v025_a_aggressive_cows,10418,False,70795.0,65721.0,1,0,0,5074.0,0
v025_a_aggressive_cows,10419,True,62884.0,58489.0,1,0,0,4395.0,0
v025_a_aggressive_cows,10419,False,69264.0,62589.0,1,0,0,6675.0,0
v025_a_aggressive_cows,10420,True,46383.0,43336.0,1,0,0,3047.0,0
v025_a_aggressive_cows,10420,False,51423.0,47031.0,1,0,0,4392.0,0
v025_a_aggressive_cows,10421,True,36554.0,20843.0,1,0,0,15711.0,0
v025_a_aggressive_cows,10421,False,37951.0,23655.0,1,0,0,14296.0,0
v025_a_aggressive_cows,10422,True,50958.0,42714.0,1,0,0,8244.0,0
v025_a_aggressive_cows,10422,False,51526.0,44061.0,1,0,0,7465.0,0
v025_a_aggressive_cows,10423,True,82360.0,85494.0,0,0,1,-3134.0,0
v025_a_aggressive_cows,10423,False,77253.0,79821.0,0,0,1,-2568.0,0
v025_a_aggressive_cows,10424,True,44022.0,43044.0,1,0,0,978.0,0
v025_a_aggressive_cows,10424,False,59392.0,56556.0,1,0,0,2836.0,0
v025_a_aggressive_cows,10425,True,55092.0,42183.0,1,0,0,12909.0,0
v025_a_aggressive_cows,10425,False,47631.0,42693.0,1,0,0,4938.0,0
v025_a_aggressive_cows,10426,True,62443.0,54125.0,1,0,0,8318.0,0
v025_a_aggressive_cows,10426,False,58921.0,47081.0,1,0,0,11840.0,0
v025_a_aggressive_cows,10427,True,64948.0,51559.0,1,0,0,13389.0,0
v025_a_aggressive_cows,10427,False,54431.0,47106.0,1,0,0,7325.0,0
v025_a_aggressive_cows,10428,True,87105.0,88630.0,0,0,1,-1525.0,0
v025_a_aggressive_cows,10428,False,92475.0,93548.0,0,0,1,-1073.0,0
v025_a_aggressive_cows,10429,True,42303.0,37638.0,1,0,0,4665.0,0
v025_a_aggressive_cows,10429,False,36879.0,33427.0,1,0,0,3452.0,0
v025_a_aggressive_cows,10430,True,63785.0,56387.0,1,0,0,7398.0,0
v025_a_aggressive_cows,10430,False,41501.0,26018.0,1,0,0,15483.0,0
v025_a_aggressive_cows,10431,True,53857.0,45076.0,1,0,0,8781.0,0
v025_a_aggressive_cows,10431,False,55197.0,44247.0,1,0,0,10950.0,0
v025_a_aggressive_cows,10432,True,89835.0,93365.0,0,0,1,-3530.0,0
v025_a_aggressive_cows,10432,False,90804.0,89063.0,1,0,0,1741.0,0
v025_a_aggressive_cows,10433,True,40812.0,26390.0,1,0,0,14422.0,0
v025_a_aggressive_cows,10433,False,32911.0,25673.0,1,0,0,7238.0,0
v025_a_aggressive_cows,10434,True,74306.0,68172.0,1,0,0,6134.0,0
v025_a_aggressive_cows,10434,False,97439.0,92903.0,1,0,0,4536.0,0
v025_a_aggressive_cows,10435,True,49258.0,38686.0,1,0,0,10572.0,0
v025_a_aggressive_cows,10435,False,47617.0,27107.0,1,0,0,20510.0,0
v025_a_aggressive_cows,10436,True,69347.0,57994.0,1,0,0,11353.0,0
v025_a_aggressive_cows,10436,False,45371.0,37252.0,1,0,0,8119.0,0
v025_a_aggressive_cows,10437,True,74104.0,60912.0,1,0,0,13192.0,0
v025_a_aggressive_cows,10437,False,55956.0,48655.0,1,0,0,7301.0,0
v025_a_aggressive_cows,10438,True,50861.0,46873.0,1,0,0,3988.0,0
v025_a_aggressive_cows,10438,False,56367.0,52044.0,1,0,0,4323.0,0
v025_a_aggressive_cows,10439,True,46234.0,34875.0,1,0,0,11359.0,0
v025_a_aggressive_cows,10439,False,45319.0,35805.0,1,0,0,9514.0,0
v025_a_aggressive_cows,10440,True,40777.0,26173.0,1,0,0,14604.0,0
v025_a_aggressive_cows,10440,False,42293.0,27821.0,1,0,0,14472.0,0
v025_a_aggressive_cows,10441,True,91509.0,80431.0,1,0,0,11078.0,0
v025_a_aggressive_cows,10441,False,94203.0,90949.0,1,0,0,3254.0,0
v025_a_aggressive_cows,10442,True,74978.0,72865.0,1,0,0,2113.0,0
v025_a_aggressive_cows,10442,False,47361.0,36801.0,1,0,0,10560.0,0
v025_a_aggressive_cows,10443,True,56604.0,39977.0,1,0,0,16627.0,0
v025_a_aggressive_cows,10443,False,57281.0,37404.0,1,0,0,19877.0,0
v025_a_aggressive_cows,10444,True,83550.0,85260.0,0,0,1,-1710.0,0
v025_a_aggressive_cows,10444,False,91945.0,92254.0,0,0,1,-309.0,0
v025_a_aggressive_cows,10445,True,38167.0,27547.0,1,0,0,10620.0,0
v025_a_aggressive_cows,10445,False,41672.0,27207.0,1,0,0,14465.0,0
v025_a_aggressive_cows,10446,True,87996.0,78665.0,1,0,0,9331.0,0
v025_a_aggressive_cows,10446,False,84804.0,83819.0,1,0,0,985.0,0
v025_a_aggressive_cows,10447,True,63802.0,53512.0,1,0,0,10290.0,0
v025_a_aggressive_cows,10447,False,60118.0,43708.0,1,0,0,16410.0,0
v025_a_aggressive_cows,10448,True,86315.0,79351.0,1,0,0,6964.0,0
v025_a_aggressive_cows,10448,False,63827.0,55830.0,1,0,0,7997.0,0
v025_a_aggressive_cows,10449,True,46538.0,40280.0,1,0,0,6258.0,0
v025_a_aggressive_cows,10449,False,50055.0,43786.0,1,0,0,6269.0,0
v025_a_aggressive_cows,10450,True,44905.0,26795.0,1,0,0,18110.0,0
v025_a_aggressive_cows,10450,False,54337.0,41352.0,1,0,0,12985.0,0
v025_a_aggressive_cows,10451,True,45912.0,38681.0,1,0,0,7231.0,0
v025_a_aggressive_cows,10451,False,54844.0,45336.0,1,0,0,9508.0,0
v025_a_aggressive_cows,10452,True,93250.0,89228.0,1,0,0,4022.0,0
v025_a_aggressive_cows,10452,False,98001.0,101156.0,0,0,1,-3155.0,0
v025_a_aggressive_cows,10453,True,62311.0,55932.0,1,0,0,6379.0,0
v025_a_aggressive_cows,10453,False,59014.0,49818.0,1,0,0,9196.0,0
v025_a_aggressive_cows,10454,True,40773.0,29350.0,1,0,0,11423.0,0
v025_a_aggressive_cows,10454,False,42140.0,24626.0,1,0,0,17514.0,0
v025_a_aggressive_cows,10455,True,56973.0,41163.0,1,0,0,15810.0,0
v025_a_aggressive_cows,10455,False,55019.0,36604.0,1,0,0,18415.0,0
v025_a_aggressive_cows,10456,True,50991.0,39525.0,1,0,0,11466.0,0
v025_a_aggressive_cows,10456,False,51306.0,38307.0,1,0,0,12999.0,0
v025_a_aggressive_cows,10457,True,54248.0,49544.0,1,0,0,4704.0,0
v025_a_aggressive_cows,10457,False,41747.0,39482.0,1,0,0,2265.0,0
v025_a_aggressive_cows,10458,True,71537.0,60628.0,1,0,0,10909.0,0
v025_a_aggressive_cows,10458,False,58286.0,51671.0,1,0,0,6615.0,0
v025_a_aggressive_cows,10459,True,49469.0,35230.0,1,0,0,14239.0,0
v025_a_aggressive_cows,10459,False,48163.0,42777.0,1,0,0,5386.0,0
v025_a_aggressive_cows,10460,True,79953.0,66281.0,1,0,0,13672.0,0
v025_a_aggressive_cows,10460,False,77993.0,66684.0,1,0,0,11309.0,0
v025_a_aggressive_cows,10461,True,59416.0,45393.0,1,0,0,14023.0,0
v025_a_aggressive_cows,10461,False,69376.0,53451.0,1,0,0,15925.0,0
v025_a_aggressive_cows,10462,True,45095.0,28574.0,1,0,0,16521.0,0
v025_a_aggressive_cows,10462,False,35459.0,25005.0,1,0,0,10454.0,0
v025_a_aggressive_cows,10463,True,67360.0,61877.0,1,0,0,5483.0,0
v025_a_aggressive_cows,10463,False,65251.0,50715.0,1,0,0,14536.0,0
v025_a_aggressive_cows,10464,True,34964.0,19018.0,1,0,0,15946.0,0
v025_a_aggressive_cows,10464,False,32593.0,21864.0,1,0,0,10729.0,0
v025_a_aggressive_cows,10465,True,81258.0,76633.0,1,0,0,4625.0,0
v025_a_aggressive_cows,10465,False,79944.0,71236.0,1,0,0,8708.0,0
v025_a_aggressive_cows,10466,True,59789.0,37571.0,1,0,0,22218.0,0
v025_a_aggressive_cows,10466,False,47257.0,33433.0,1,0,0,13824.0,0
v025_a_aggressive_cows,10467,True,45515.0,42677.0,1,0,0,2838.0,0
v025_a_aggressive_cows,10467,False,46020.0,40346.0,1,0,0,5674.0,0
v025_a_aggressive_cows,10468,True,33309.0,22144.0,1,0,0,11165.0,0
v025_a_aggressive_cows,10468,False,34553.0,22587.0,1,0,0,11966.0,0
v025_a_aggressive_cows,10469,True,45723.0,29085.0,1,0,0,16638.0,0
v025_a_aggressive_cows,10469,False,45414.0,25515.0,1,0,0,19899.0,0
v025_a_aggressive_cows,10470,True,58805.0,45367.0,1,0,0,13438.0,0
v025_a_aggressive_cows,10470,False,52480.0,45315.0,1,0,0,7165.0,0
v025_a_aggressive_cows,10471,True,69132.0,63456.0,1,0,0,5676.0,0
v025_a_aggressive_cows,10471,False,75710.0,72200.0,1,0,0,3510.0,0
v025_a_aggressive_cows,10472,True,45789.0,27160.0,1,0,0,18629.0,0
v025_a_aggressive_cows,10472,False,51251.0,37940.0,1,0,0,13311.0,0
v025_a_aggressive_cows,10473,True,96763.0,92356.0,1,0,0,4407.0,0
v025_a_aggressive_cows,10473,False,62684.0,56564.0,1,0,0,6120.0,0
v025_a_aggressive_cows,10474,True,65511.0,42414.0,1,0,0,23097.0,0
v025_a_aggressive_cows,10474,False,83461.0,75344.0,1,0,0,8117.0,0
v025_a_aggressive_cows,10475,True,47596.0,43364.0,1,0,0,4232.0,0
v025_a_aggressive_cows,10475,False,48018.0,41482.0,1,0,0,6536.0,0
v025_a_aggressive_cows,10476,True,42245.0,32271.0,1,0,0,9974.0,0
v025_a_aggressive_cows,10476,False,37065.0,30652.0,1,0,0,6413.0,0
v025_a_aggressive_cows,10477,True,55636.0,41155.0,1,0,0,14481.0,0
v025_a_aggressive_cows,10477,False,47593.0,35333.0,1,0,0,12260.0,0
v025_a_aggressive_cows,10478,True,39277.0,26117.0,1,0,0,13160.0,0
v025_a_aggressive_cows,10478,False,40418.0,18925.0,1,0,0,21493.0,0
v025_a_aggressive_cows,10479,True,50339.0,46908.0,1,0,0,3431.0,0
v025_a_aggressive_cows,10479,False,50362.0,46728.0,1,0,0,3634.0,0
v025_a_aggressive_cows,10480,True,55202.0,40941.0,1,0,0,14261.0,0
v025_a_aggressive_cows,10480,False,45887.0,39159.0,1,0,0,6728.0,0
v025_a_aggressive_cows,10481,True,38123.0,23242.0,1,0,0,14881.0,0
v025_a_aggressive_cows,10481,False,45170.0,21939.0,1,0,0,23231.0,0
v025_a_aggressive_cows,10482,True,55949.0,50715.0,1,0,0,5234.0,0
v025_a_aggressive_cows,10482,False,52802.0,46281.0,1,0,0,6521.0,0
v025_a_aggressive_cows,10483,True,40062.0,26511.0,1,0,0,13551.0,0
v025_a_aggressive_cows,10483,False,35796.0,28259.0,1,0,0,7537.0,0
v025_a_aggressive_cows,10484,True,50048.0,28969.0,1,0,0,21079.0,0
v025_a_aggressive_cows,10484,False,52321.0,34474.0,1,0,0,17847.0,0
v025_a_aggressive_cows,10485,True,49559.0,22172.0,1,0,0,27387.0,0
v025_a_aggressive_cows,10485,False,47502.0,28583.0,1,0,0,18919.0,0
v025_a_aggressive_cows,10486,True,94511.0,97482.0,0,0,1,-2971.0,0
v025_a_aggressive_cows,10486,False,89425.0,95074.0,0,0,1,-5649.0,0
v025_a_aggressive_cows,10487,True,83059.0,82143.0,1,0,0,916.0,0
v025_a_aggressive_cows,10487,False,79225.0,76350.0,1,0,0,2875.0,0
v025_a_aggressive_cows,10488,True,42880.0,38911.0,1,0,0,3969.0,0
v025_a_aggressive_cows,10488,False,41598.0,37556.0,1,0,0,4042.0,0
v025_a_aggressive_cows,10489,True,51325.0,37219.0,1,0,0,14106.0,0
v025_a_aggressive_cows,10489,False,54828.0,38895.0,1,0,0,15933.0,0
v025_a_aggressive_cows,10490,True,55578.0,35298.0,1,0,0,20280.0,0
v025_a_aggressive_cows,10490,False,54882.0,36794.0,1,0,0,18088.0,0
v025_a_aggressive_cows,10491,True,80144.0,71143.0,1,0,0,9001.0,0
v025_a_aggressive_cows,10491,False,63673.0,53172.0,1,0,0,10501.0,0
v025_a_aggressive_cows,10492,True,64687.0,55468.0,1,0,0,9219.0,0
v025_a_aggressive_cows,10492,False,50393.0,34526.0,1,0,0,15867.0,0
v025_a_aggressive_cows,10493,True,85668.0,84946.0,1,0,0,722.0,0
v025_a_aggressive_cows,10493,False,57017.0,43555.0,1,0,0,13462.0,0
v025_a_aggressive_cows,10494,True,40296.0,34640.0,1,0,0,5656.0,0
v025_a_aggressive_cows,10494,False,40713.0,25434.0,1,0,0,15279.0,0
v025_a_aggressive_cows,10495,True,56644.0,48815.0,1,0,0,7829.0,0
v025_a_aggressive_cows,10495,False,70473.0,66833.0,1,0,0,3640.0,0
v025_a_aggressive_cows,10496,True,39889.0,32244.0,1,0,0,7645.0,0
v025_a_aggressive_cows,10496,False,39798.0,28250.0,1,0,0,11548.0,0
v025_a_aggressive_cows,10497,True,51212.0,36728.0,1,0,0,14484.0,0
v025_a_aggressive_cows,10497,False,49008.0,42916.0,1,0,0,6092.0,0
v025_a_aggressive_cows,10498,True,35870.0,39241.0,0,0,1,-3371.0,0
v025_a_aggressive_cows,10498,False,31242.0,31174.0,1,0,0,68.0,0
v025_a_aggressive_cows,10499,True,47747.0,25045.0,1,0,0,22702.0,0
v025_a_aggressive_cows,10499,False,45160.0,25593.0,1,0,0,19567.0,0
v023_g_capital_optimizer,20000,True,37054.0,29594.0,1,0,0,7460.0,0
v023_g_capital_optimizer,20000,False,40205.0,27383.0,1,0,0,12822.0,0
v023_g_capital_optimizer,20001,True,86497.0,68482.0,1,0,0,18015.0,0
v023_g_capital_optimizer,20001,False,91342.0,65179.0,1,0,0,26163.0,0
v023_g_capital_optimizer,20002,True,88298.0,63831.0,1,0,0,24467.0,0
v023_g_capital_optimizer,20002,False,76720.0,61351.0,1,0,0,15369.0,0
v023_g_capital_optimizer,20003,True,85716.0,76308.0,1,0,0,9408.0,0
v023_g_capital_optimizer,20003,False,65876.0,56722.0,1,0,0,9154.0,0
v023_g_capital_optimizer,20004,True,66776.0,71838.0,0,0,1,-5062.0,0
v023_g_capital_optimizer,20004,False,59334.0,62057.0,0,0,1,-2723.0,0
v023_g_capital_optimizer,20005,True,63511.0,60878.0,1,0,0,2633.0,0
v023_g_capital_optimizer,20005,False,84420.0,74253.0,1,0,0,10167.0,0
v023_g_capital_optimizer,20006,True,42534.0,31157.0,1,0,0,11377.0,0
v023_g_capital_optimizer,20006,False,32225.0,25528.0,1,0,0,6697.0,0
v023_g_capital_optimizer,20007,True,51120.0,49878.0,1,0,0,1242.0,0
v023_g_capital_optimizer,20007,False,50433.0,57762.0,0,0,1,-7329.0,0
v023_g_capital_optimizer,20008,True,95574.0,81626.0,1,0,0,13948.0,0
v023_g_capital_optimizer,20008,False,90686.0,71219.0,1,0,0,19467.0,0
v023_g_capital_optimizer,20009,True,80160.0,56765.0,1,0,0,23395.0,0
v023_g_capital_optimizer,20009,False,66731.0,48008.0,1,0,0,18723.0,0
v023_g_capital_optimizer,20010,True,76277.0,53932.0,1,0,0,22345.0,0
v023_g_capital_optimizer,20010,False,78758.0,51417.0,1,0,0,27341.0,0
v023_g_capital_optimizer,20011,True,55291.0,47899.0,1,0,0,7392.0,0
v023_g_capital_optimizer,20011,False,56981.0,39581.0,1,0,0,17400.0,0
v023_g_capital_optimizer,20012,True,60677.0,50083.0,1,0,0,10594.0,0
v023_g_capital_optimizer,20012,False,63234.0,43099.0,1,0,0,20135.0,0
v023_g_capital_optimizer,20013,True,56239.0,58674.0,0,0,1,-2435.0,0
v023_g_capital_optimizer,20013,False,54151.0,57887.0,0,0,1,-3736.0,0
v023_g_capital_optimizer,20014,True,67364.0,68180.0,0,0,1,-816.0,0
v023_g_capital_optimizer,20014,False,63880.0,59580.0,1,0,0,4300.0,0
v023_g_capital_optimizer,20015,True,57397.0,44766.0,1,0,0,12631.0,0
v023_g_capital_optimizer,20015,False,50235.0,44808.0,1,0,0,5427.0,0
v023_g_capital_optimizer,20016,True,47145.0,52257.0,0,0,1,-5112.0,0
v023_g_capital_optimizer,20016,False,46810.0,50774.0,0,0,1,-3964.0,0
v023_g_capital_optimizer,20017,True,52609.0,32640.0,1,0,0,19969.0,0
v023_g_capital_optimizer,20017,False,71419.0,55547.0,1,0,0,15872.0,0
v023_g_capital_optimizer,20018,True,40605.0,26174.0,1,0,0,14431.0,0
v023_g_capital_optimizer,20018,False,41704.0,26651.0,1,0,0,15053.0,0
v023_g_capital_optimizer,20019,True,51284.0,49361.0,1,0,0,1923.0,0
v023_g_capital_optimizer,20019,False,34242.0,31869.0,1,0,0,2373.0,0
v023_g_capital_optimizer,20020,True,82972.0,77432.0,1,0,0,5540.0,0
v023_g_capital_optimizer,20020,False,88784.0,66433.0,1,0,0,22351.0,0
v023_g_capital_optimizer,20021,True,79127.0,63463.0,1,0,0,15664.0,0
v023_g_capital_optimizer,20021,False,71721.0,52528.0,1,0,0,19193.0,0
v023_g_capital_optimizer,20022,True,68987.0,71391.0,0,0,1,-2404.0,0
v023_g_capital_optimizer,20022,False,52955.0,58716.0,0,0,1,-5761.0,0
v023_g_capital_optimizer,20023,True,68281.0,45905.0,1,0,0,22376.0,0
v023_g_capital_optimizer,20023,False,24024.0,14106.0,1,0,0,9918.0,0
v023_g_capital_optimizer,20024,True,65545.0,61193.0,1,0,0,4352.0,0
v023_g_capital_optimizer,20024,False,78757.0,58837.0,1,0,0,19920.0,0
v023_g_capital_optimizer,20025,True,90259.0,76921.0,1,0,0,13338.0,0
v023_g_capital_optimizer,20025,False,62253.0,57825.0,1,0,0,4428.0,0
v023_g_capital_optimizer,20026,True,85326.0,72013.0,1,0,0,13313.0,0
v023_g_capital_optimizer,20026,False,88693.0,78352.0,1,0,0,10341.0,0
v023_g_capital_optimizer,20027,True,98241.0,74998.0,1,0,0,23243.0,0
v023_g_capital_optimizer,20027,False,107117.0,93102.0,1,0,0,14015.0,0
v023_g_capital_optimizer,20028,True,92068.0,75893.0,1,0,0,16175.0,0
v023_g_capital_optimizer,20028,False,90625.0,72926.0,1,0,0,17699.0,0
v023_g_capital_optimizer,20029,True,37905.0,39542.0,0,0,1,-1637.0,0
v023_g_capital_optimizer,20029,False,41506.0,44162.0,0,0,1,-2656.0,0
v023_g_capital_optimizer,20030,True,58183.0,44713.0,1,0,0,13470.0,0
v023_g_capital_optimizer,20030,False,78831.0,64079.0,1,0,0,14752.0,0
v023_g_capital_optimizer,20031,True,93801.0,66990.0,1,0,0,26811.0,0
v023_g_capital_optimizer,20031,False,75944.0,48433.0,1,0,0,27511.0,0
v023_g_capital_optimizer,20032,True,79464.0,55787.0,1,0,0,23677.0,0
v023_g_capital_optimizer,20032,False,83174.0,64876.0,1,0,0,18298.0,0
v023_g_capital_optimizer,20033,True,66324.0,63472.0,1,0,0,2852.0,0
v023_g_capital_optimizer,20033,False,68569.0,63294.0,1,0,0,5275.0,0
v023_g_capital_optimizer,20034,True,64037.0,53146.0,1,0,0,10891.0,0
v023_g_capital_optimizer,20034,False,62305.0,49470.0,1,0,0,12835.0,0
v023_g_capital_optimizer,20035,True,33883.0,28025.0,1,0,0,5858.0,0
v023_g_capital_optimizer,20035,False,37197.0,28161.0,1,0,0,9036.0,0
v023_g_capital_optimizer,20036,True,70502.0,64716.0,1,0,0,5786.0,0
v023_g_capital_optimizer,20036,False,68535.0,67260.0,1,0,0,1275.0,0
v023_g_capital_optimizer,20037,True,32461.0,23695.0,1,0,0,8766.0,0
v023_g_capital_optimizer,20037,False,38239.0,16714.0,1,0,0,21525.0,0
v023_g_capital_optimizer,20038,True,82286.0,57163.0,1,0,0,25123.0,0
v023_g_capital_optimizer,20038,False,55084.0,36207.0,1,0,0,18877.0,0
v023_g_capital_optimizer,20039,True,48070.0,41571.0,1,0,0,6499.0,0
v023_g_capital_optimizer,20039,False,50591.0,47478.0,1,0,0,3113.0,0
v023_g_capital_optimizer,20040,True,93209.0,79126.0,1,0,0,14083.0,0
v023_g_capital_optimizer,20040,False,86234.0,66681.0,1,0,0,19553.0,0
v023_g_capital_optimizer,20041,True,52731.0,54666.0,0,0,1,-1935.0,0
v023_g_capital_optimizer,20041,False,78922.0,77871.0,1,0,0,1051.0,0
v023_g_capital_optimizer,20042,True,60721.0,65194.0,0,0,1,-4473.0,0
v023_g_capital_optimizer,20042,False,75912.0,73151.0,1,0,0,2761.0,0
v023_g_capital_optimizer,20043,True,52037.0,39930.0,1,0,0,12107.0,0
v023_g_capital_optimizer,20043,False,53307.0,41041.0,1,0,0,12266.0,0
v023_g_capital_optimizer,20044,True,89326.0,61622.0,1,0,0,27704.0,0
v023_g_capital_optimizer,20044,False,82220.0,64150.0,1,0,0,18070.0,0
v023_g_capital_optimizer,20045,True,61856.0,61826.0,1,0,0,30.0,0
v023_g_capital_optimizer,20045,False,56072.0,54688.0,1,0,0,1384.0,0
v023_g_capital_optimizer,20046,True,78813.0,60403.0,1,0,0,18410.0,0
v023_g_capital_optimizer,20046,False,68167.0,50477.0,1,0,0,17690.0,0
v023_g_capital_optimizer,20047,True,92482.0,94311.0,0,0,1,-1829.0,0
v023_g_capital_optimizer,20047,False,89716.0,93632.0,0,0,1,-3916.0,0
v023_g_capital_optimizer,20048,True,96702.0,78883.0,1,0,0,17819.0,0
v023_g_capital_optimizer,20048,False,94515.0,74565.0,1,0,0,19950.0,0
v023_g_capital_optimizer,20049,True,68473.0,55186.0,1,0,0,13287.0,0
v023_g_capital_optimizer,20049,False,80048.0,69348.0,1,0,0,10700.0,0
v023_g_capital_optimizer,20050,True,54402.0,58490.0,0,0,1,-4088.0,0
v023_g_capital_optimizer,20050,False,53934.0,51616.0,1,0,0,2318.0,0
v023_g_capital_optimizer,20051,True,44652.0,34573.0,1,0,0,10079.0,0
v023_g_capital_optimizer,20051,False,76314.0,50983.0,1,0,0,25331.0,0
v023_g_capital_optimizer,20052,True,85438.0,62612.0,1,0,0,22826.0,0
v023_g_capital_optimizer,20052,False,72171.0,61746.0,1,0,0,10425.0,0
v023_g_capital_optimizer,20053,True,93939.0,73780.0,1,0,0,20159.0,0
v023_g_capital_optimizer,20053,False,69793.0,53559.0,1,0,0,16234.0,0
v023_g_capital_optimizer,20054,True,47213.0,45039.0,1,0,0,2174.0,0
v023_g_capital_optimizer,20054,False,48956.0,36156.0,1,0,0,12800.0,0
v023_g_capital_optimizer,20055,True,58594.0,48014.0,1,0,0,10580.0,0
v023_g_capital_optimizer,20055,False,97799.0,67677.0,1,0,0,30122.0,0
v023_g_capital_optimizer,20056,True,61942.0,37061.0,1,0,0,24881.0,0
v023_g_capital_optimizer,20056,False,78508.0,61645.0,1,0,0,16863.0,0
v023_g_capital_optimizer,20057,True,89946.0,75231.0,1,0,0,14715.0,0
v023_g_capital_optimizer,20057,False,76159.0,52339.0,1,0,0,23820.0,0
v023_g_capital_optimizer,20058,True,59309.0,60706.0,0,0,1,-1397.0,0
v023_g_capital_optimizer,20058,False,102187.0,89343.0,1,0,0,12844.0,0
v023_g_capital_optimizer,20059,True,50232.0,57806.0,0,0,1,-7574.0,0
v023_g_capital_optimizer,20059,False,55145.0,59716.0,0,0,1,-4571.0,0
v023_g_capital_optimizer,20060,True,74025.0,52183.0,1,0,0,21842.0,0
v023_g_capital_optimizer,20060,False,80358.0,59863.0,1,0,0,20495.0,0
v023_g_capital_optimizer,20061,True,86863.0,62936.0,1,0,0,23927.0,0
v023_g_capital_optimizer,20061,False,82795.0,67132.0,1,0,0,15663.0,0
v023_g_capital_optimizer,20062,True,48559.0,40546.0,1,0,0,8013.0,0
v023_g_capital_optimizer,20062,False,66328.0,58469.0,1,0,0,7859.0,0
v023_g_capital_optimizer,20063,True,77224.0,58865.0,1,0,0,18359.0,0
v023_g_capital_optimizer,20063,False,57036.0,54637.0,1,0,0,2399.0,0
v023_g_capital_optimizer,20064,True,72996.0,48684.0,1,0,0,24312.0,0
v023_g_capital_optimizer,20064,False,57866.0,37088.0,1,0,0,20778.0,0
v023_g_capital_optimizer,20065,True,64105.0,57487.0,1,0,0,6618.0,0
v023_g_capital_optimizer,20065,False,84527.0,54338.0,1,0,0,30189.0,0
v023_g_capital_optimizer,20066,True,41109.0,37192.0,1,0,0,3917.0,0
v023_g_capital_optimizer,20066,False,50045.0,40632.0,1,0,0,9413.0,0
v023_g_capital_optimizer,20067,True,85018.0,69550.0,1,0,0,15468.0,0
v023_g_capital_optimizer,20067,False,72306.0,54872.0,1,0,0,17434.0,0
v023_g_capital_optimizer,20068,True,44236.0,25633.0,1,0,0,18603.0,0
v023_g_capital_optimizer,20068,False,47115.0,37454.0,1,0,0,9661.0,0
v023_g_capital_optimizer,20069,True,44840.0,46895.0,0,0,1,-2055.0,0
v023_g_capital_optimizer,20069,False,51644.0,46751.0,1,0,0,4893.0,0
v023_g_capital_optimizer,20070,True,92292.0,87812.0,1,0,0,4480.0,0
v023_g_capital_optimizer,20070,False,71920.0,68678.0,1,0,0,3242.0,0
v023_g_capital_optimizer,20071,True,70238.0,52809.0,1,0,0,17429.0,0
v023_g_capital_optimizer,20071,False,68841.0,59580.0,1,0,0,9261.0,0
v023_g_capital_optimizer,20072,True,97817.0,76676.0,1,0,0,21141.0,0
v023_g_capital_optimizer,20072,False,64482.0,42607.0,1,0,0,21875.0,0
v023_g_capital_optimizer,20073,True,64622.0,47517.0,1,0,0,17105.0,0
v023_g_capital_optimizer,20073,False,74575.0,62658.0,1,0,0,11917.0,0
v023_g_capital_optimizer,20074,True,88134.0,68117.0,1,0,0,20017.0,0
v023_g_capital_optimizer,20074,False,91578.0,68839.0,1,0,0,22739.0,0
v023_g_capital_optimizer,20075,True,65013.0,49349.0,1,0,0,15664.0,0
v023_g_capital_optimizer,20075,False,57998.0,32395.0,1,0,0,25603.0,0
v023_g_capital_optimizer,20076,True,88314.0,59280.0,1,0,0,29034.0,0
v023_g_capital_optimizer,20076,False,85978.0,62654.0,1,0,0,23324.0,0
v023_g_capital_optimizer,20077,True,61489.0,55989.0,1,0,0,5500.0,0
v023_g_capital_optimizer,20077,False,50933.0,35474.0,1,0,0,15459.0,0
v023_g_capital_optimizer,20078,True,62453.0,44330.0,1,0,0,18123.0,0
v023_g_capital_optimizer,20078,False,66524.0,52399.0,1,0,0,14125.0,0
v023_g_capital_optimizer,20079,True,40462.0,35858.0,1,0,0,4604.0,0
v023_g_capital_optimizer,20079,False,35182.0,23739.0,1,0,0,11443.0,0
v023_g_capital_optimizer,20080,True,58525.0,61670.0,0,0,1,-3145.0,0
v023_g_capital_optimizer,20080,False,73816.0,73800.0,1,0,0,16.0,0
v023_g_capital_optimizer,20081,True,49028.0,51381.0,0,0,1,-2353.0,0
v023_g_capital_optimizer,20081,False,57419.0,58515.0,0,0,1,-1096.0,0
v023_g_capital_optimizer,20082,True,90623.0,64572.0,1,0,0,26051.0,0
v023_g_capital_optimizer,20082,False,82193.0,63547.0,1,0,0,18646.0,0
v023_g_capital_optimizer,20083,True,90472.0,60821.0,1,0,0,29651.0,0
v023_g_capital_optimizer,20083,False,83843.0,74339.0,1,0,0,9504.0,0
v023_g_capital_optimizer,20084,True,47596.0,37762.0,1,0,0,9834.0,0
v023_g_capital_optimizer,20084,False,46094.0,34572.0,1,0,0,11522.0,0
v023_g_capital_optimizer,20085,True,85777.0,75429.0,1,0,0,10348.0,0
v023_g_capital_optimizer,20085,False,55203.0,46883.0,1,0,0,8320.0,0
v023_g_capital_optimizer,20086,True,87634.0,68904.0,1,0,0,18730.0,0
v023_g_capital_optimizer,20086,False,92697.0,76597.0,1,0,0,16100.0,0
v023_g_capital_optimizer,20087,True,81773.0,52482.0,1,0,0,29291.0,0
v023_g_capital_optimizer,20087,False,85511.0,58036.0,1,0,0,27475.0,0
v023_g_capital_optimizer,20088,True,53216.0,46834.0,1,0,0,6382.0,0
v023_g_capital_optimizer,20088,False,50994.0,53092.0,0,0,1,-2098.0,0
v023_g_capital_optimizer,20089,True,38971.0,33988.0,1,0,0,4983.0,0
v023_g_capital_optimizer,20089,False,53517.0,48065.0,1,0,0,5452.0,0
v023_g_capital_optimizer,20090,True,96064.0,80977.0,1,0,0,15087.0,0
v023_g_capital_optimizer,20090,False,98680.0,78942.0,1,0,0,19738.0,0
v023_g_capital_optimizer,20091,True,39923.0,37589.0,1,0,0,2334.0,0
v023_g_capital_optimizer,20091,False,50071.0,42833.0,1,0,0,7238.0,0
v023_g_capital_optimizer,20092,True,84702.0,70064.0,1,0,0,14638.0,0
v023_g_capital_optimizer,20092,False,68460.0,59361.0,1,0,0,9099.0,0
v023_g_capital_optimizer,20093,True,103021.0,94269.0,1,0,0,8752.0,0
v023_g_capital_optimizer,20093,False,100644.0,85960.0,1,0,0,14684.0,0
v023_g_capital_optimizer,20094,True,87568.0,76426.0,1,0,0,11142.0,0
v023_g_capital_optimizer,20094,False,87190.0,77003.0,1,0,0,10187.0,0
v023_g_capital_optimizer,20095,True,50459.0,54940.0,0,0,1,-4481.0,0
v023_g_capital_optimizer,20095,False,52675.0,53156.0,0,0,1,-481.0,0
v023_g_capital_optimizer,20096,True,87324.0,82436.0,1,0,0,4888.0,0
v023_g_capital_optimizer,20096,False,103980.0,86638.0,1,0,0,17342.0,0
v023_g_capital_optimizer,20097,True,50098.0,45647.0,1,0,0,4451.0,0
v023_g_capital_optimizer,20097,False,54982.0,63279.0,0,0,1,-8297.0,0
v023_g_capital_optimizer,20098,True,53135.0,43156.0,1,0,0,9979.0,0
v023_g_capital_optimizer,20098,False,80117.0,62796.0,1,0,0,17321.0,0
v023_g_capital_optimizer,20099,True,97085.0,85306.0,1,0,0,11779.0,0
v023_g_capital_optimizer,20099,False,92463.0,85303.0,1,0,0,7160.0,0
v023_g_capital_optimizer,20100,True,43666.0,39183.0,1,0,0,4483.0,0
v023_g_capital_optimizer,20100,False,37661.0,30666.0,1,0,0,6995.0,0
v023_g_capital_optimizer,20101,True,54697.0,37444.0,1,0,0,17253.0,0
v023_g_capital_optimizer,20101,False,59839.0,38561.0,1,0,0,21278.0,0
v023_g_capital_optimizer,20102,True,69061.0,70691.0,0,0,1,-1630.0,0
v023_g_capital_optimizer,20102,False,74156.0,76595.0,0,0,1,-2439.0,0
v023_g_capital_optimizer,20103,True,89589.0,70899.0,1,0,0,18690.0,0
v023_g_capital_optimizer,20103,False,87341.0,71946.0,1,0,0,15395.0,0
v023_g_capital_optimizer,20104,True,91721.0,67750.0,1,0,0,23971.0,0
v023_g_capital_optimizer,20104,False,85049.0,66031.0,1,0,0,19018.0,0
v023_g_capital_optimizer,20105,True,92899.0,65374.0,1,0,0,27525.0,0
v023_g_capital_optimizer,20105,False,56209.0,46323.0,1,0,0,9886.0,0
v023_g_capital_optimizer,20106,True,46160.0,19931.0,1,0,0,26229.0,0
v023_g_capital_optimizer,20106,False,47114.0,36045.0,1,0,0,11069.0,0
v023_g_capital_optimizer,20107,True,39006.0,31548.0,1,0,0,7458.0,0
v023_g_capital_optimizer,20107,False,38988.0,31480.0,1,0,0,7508.0,0
v023_g_capital_optimizer,20108,True,45391.0,34388.0,1,0,0,11003.0,0
v023_g_capital_optimizer,20108,False,92318.0,62381.0,1,0,0,29937.0,0
v023_g_capital_optimizer,20109,True,58069.0,59262.0,0,0,1,-1193.0,0
v023_g_capital_optimizer,20109,False,87087.0,78571.0,1,0,0,8516.0,0
v023_g_capital_optimizer,20110,True,99710.0,96319.0,1,0,0,3391.0,0
v023_g_capital_optimizer,20110,False,97718.0,91482.0,1,0,0,6236.0,0
v023_g_capital_optimizer,20111,True,92138.0,67680.0,1,0,0,24458.0,0
v023_g_capital_optimizer,20111,False,99423.0,85199.0,1,0,0,14224.0,0
v023_g_capital_optimizer,20112,True,35156.0,11678.0,1,0,0,23478.0,0
v023_g_capital_optimizer,20112,False,61295.0,40817.0,1,0,0,20478.0,0
v023_g_capital_optimizer,20113,True,88908.0,71821.0,1,0,0,17087.0,0
v023_g_capital_optimizer,20113,False,106361.0,91825.0,1,0,0,14536.0,0
v023_g_capital_optimizer,20114,True,86199.0,74865.0,1,0,0,11334.0,0
v023_g_capital_optimizer,20114,False,76013.0,64671.0,1,0,0,11342.0,0
v023_g_capital_optimizer,20115,True,37584.0,31065.0,1,0,0,6519.0,0
v023_g_capital_optimizer,20115,False,65603.0,53274.0,1,0,0,12329.0,0
v023_g_capital_optimizer,20116,True,71369.0,61532.0,1,0,0,9837.0,0
v023_g_capital_optimizer,20116,False,75098.0,63706.0,1,0,0,11392.0,0
v023_g_capital_optimizer,20117,True,77156.0,59271.0,1,0,0,17885.0,0
v023_g_capital_optimizer,20117,False,55409.0,40662.0,1,0,0,14747.0,0
v023_g_capital_optimizer,20118,True,94189.0,75028.0,1,0,0,19161.0,0
v023_g_capital_optimizer,20118,False,86876.0,67697.0,1,0,0,19179.0,0
v023_g_capital_optimizer,20119,True,75049.0,72780.0,1,0,0,2269.0,0
v023_g_capital_optimizer,20119,False,59052.0,57041.0,1,0,0,2011.0,0
v023_g_capital_optimizer,20120,True,52768.0,42192.0,1,0,0,10576.0,0
v023_g_capital_optimizer,20120,False,77810.0,74024.0,1,0,0,3786.0,0
v023_g_capital_optimizer,20121,True,58429.0,58753.0,0,0,1,-324.0,0
v023_g_capital_optimizer,20121,False,39470.0,38885.0,1,0,0,585.0,0
v023_g_capital_optimizer,20122,True,85865.0,69413.0,1,0,0,16452.0,0
v023_g_capital_optimizer,20122,False,61362.0,48478.0,1,0,0,12884.0,0
v023_g_capital_optimizer,20123,True,91616.0,86699.0,1,0,0,4917.0,0
v023_g_capital_optimizer,20123,False,88246.0,88347.0,0,0,1,-101.0,0
v023_g_capital_optimizer,20124,True,89246.0,74675.0,1,0,0,14571.0,0
v023_g_capital_optimizer,20124,False,88160.0,75130.0,1,0,0,13030.0,0
v023_g_capital_optimizer,20125,True,60065.0,35492.0,1,0,0,24573.0,0
v023_g_capital_optimizer,20125,False,64396.0,60687.0,1,0,0,3709.0,0
v023_g_capital_optimizer,20126,True,68369.0,53243.0,1,0,0,15126.0,0
v023_g_capital_optimizer,20126,False,81435.0,68870.0,1,0,0,12565.0,0
v023_g_capital_optimizer,20127,True,95663.0,78996.0,1,0,0,16667.0,0
v023_g_capital_optimizer,20127,False,89850.0,71074.0,1,0,0,18776.0,0
v023_g_capital_optimizer,20128,True,55132.0,49670.0,1,0,0,5462.0,0
v023_g_capital_optimizer,20128,False,27001.0,29462.0,0,0,1,-2461.0,0
v023_g_capital_optimizer,20129,True,75536.0,71215.0,1,0,0,4321.0,0
v023_g_capital_optimizer,20129,False,71059.0,52565.0,1,0,0,18494.0,0
v023_g_capital_optimizer,20130,True,40755.0,21086.0,1,0,0,19669.0,0
v023_g_capital_optimizer,20130,False,45201.0,26140.0,1,0,0,19061.0,0
v023_g_capital_optimizer,20131,True,46977.0,54706.0,0,0,1,-7729.0,0
v023_g_capital_optimizer,20131,False,57979.0,62284.0,0,0,1,-4305.0,0
v023_g_capital_optimizer,20132,True,76431.0,69722.0,1,0,0,6709.0,0
v023_g_capital_optimizer,20132,False,51086.0,31297.0,1,0,0,19789.0,0
v023_g_capital_optimizer,20133,True,89830.0,68355.0,1,0,0,21475.0,0
v023_g_capital_optimizer,20133,False,89774.0,68347.0,1,0,0,21427.0,0
v023_g_capital_optimizer,20134,True,49298.0,27390.0,1,0,0,21908.0,0
v023_g_capital_optimizer,20134,False,49691.0,47932.0,1,0,0,1759.0,0
v023_g_capital_optimizer,20135,True,75925.0,55745.0,1,0,0,20180.0,0
v023_g_capital_optimizer,20135,False,53505.0,41426.0,1,0,0,12079.0,0
v023_g_capital_optimizer,20136,True,54722.0,49717.0,1,0,0,5005.0,0
v023_g_capital_optimizer,20136,False,58401.0,57650.0,1,0,0,751.0,0
v023_g_capital_optimizer,20137,True,62593.0,40841.0,1,0,0,21752.0,0
v023_g_capital_optimizer,20137,False,58309.0,37074.0,1,0,0,21235.0,0
v023_g_capital_optimizer,20138,True,88437.0,75183.0,1,0,0,13254.0,0
v023_g_capital_optimizer,20138,False,90043.0,72888.0,1,0,0,17155.0,0
v023_g_capital_optimizer,20139,True,86088.0,61801.0,1,0,0,24287.0,0
v023_g_capital_optimizer,20139,False,77057.0,54738.0,1,0,0,22319.0,0
v023_g_capital_optimizer,20140,True,80607.0,62185.0,1,0,0,18422.0,0
v023_g_capital_optimizer,20140,False,92404.0,75058.0,1,0,0,17346.0,0
v023_g_capital_optimizer,20141,True,60969.0,55028.0,1,0,0,5941.0,0
v023_g_capital_optimizer,20141,False,56740.0,46897.0,1,0,0,9843.0,0
v023_g_capital_optimizer,20142,True,95596.0,73754.0,1,0,0,21842.0,0
v023_g_capital_optimizer,20142,False,95251.0,73435.0,1,0,0,21816.0,0
v023_g_capital_optimizer,20143,True,71196.0,54219.0,1,0,0,16977.0,0
v023_g_capital_optimizer,20143,False,88280.0,76872.0,1,0,0,11408.0,0
v023_g_capital_optimizer,20144,True,49960.0,44204.0,1,0,0,5756.0,0
v023_g_capital_optimizer,20144,False,54479.0,49801.0,1,0,0,4678.0,0
v023_g_capital_optimizer,20145,True,54610.0,47318.0,1,0,0,7292.0,0
v023_g_capital_optimizer,20145,False,56025.0,39325.0,1,0,0,16700.0,0
v023_g_capital_optimizer,20146,True,96918.0,72164.0,1,0,0,24754.0,0
v023_g_capital_optimizer,20146,False,95133.0,76393.0,1,0,0,18740.0,0
v023_g_capital_optimizer,20147,True,80565.0,61007.0,1,0,0,19558.0,0
v023_g_capital_optimizer,20147,False,44248.0,34868.0,1,0,0,9380.0,0
v023_g_capital_optimizer,20148,True,88071.0,69445.0,1,0,0,18626.0,0
v023_g_capital_optimizer,20148,False,90249.0,68180.0,1,0,0,22069.0,0
v023_g_capital_optimizer,20149,True,96683.0,68113.0,1,0,0,28570.0,0
v023_g_capital_optimizer,20149,False,97813.0,82138.0,1,0,0,15675.0,0
v023_g_capital_optimizer,20150,True,50777.0,44158.0,1,0,0,6619.0,0
v023_g_capital_optimizer,20150,False,64121.0,50916.0,1,0,0,13205.0,0
v023_g_capital_optimizer,20151,True,28933.0,30217.0,0,0,1,-1284.0,0
v023_g_capital_optimizer,20151,False,55528.0,56999.0,0,0,1,-1471.0,0
v023_g_capital_optimizer,20152,True,60642.0,64107.0,0,0,1,-3465.0,0
v023_g_capital_optimizer,20152,False,56131.0,61256.0,0,0,1,-5125.0,0
v023_g_capital_optimizer,20153,True,57495.0,47937.0,1,0,0,9558.0,0
v023_g_capital_optimizer,20153,False,65552.0,46884.0,1,0,0,18668.0,0
v023_g_capital_optimizer,20154,True,82783.0,64843.0,1,0,0,17940.0,0
v023_g_capital_optimizer,20154,False,86659.0,65895.0,1,0,0,20764.0,0
v023_g_capital_optimizer,20155,True,93787.0,61769.0,1,0,0,32018.0,0
v023_g_capital_optimizer,20155,False,75436.0,50776.0,1,0,0,24660.0,0
v023_g_capital_optimizer,20156,True,80112.0,59432.0,1,0,0,20680.0,0
v023_g_capital_optimizer,20156,False,59041.0,44296.0,1,0,0,14745.0,0
v023_g_capital_optimizer,20157,True,81506.0,65490.0,1,0,0,16016.0,0
v023_g_capital_optimizer,20157,False,78568.0,65989.0,1,0,0,12579.0,0
v023_g_capital_optimizer,20158,True,95603.0,78389.0,1,0,0,17214.0,0
v023_g_capital_optimizer,20158,False,98170.0,81864.0,1,0,0,16306.0,0
v023_g_capital_optimizer,20159,True,75214.0,77589.0,0,0,1,-2375.0,0
v023_g_capital_optimizer,20159,False,68241.0,70917.0,0,0,1,-2676.0,0
v023_g_capital_optimizer,20160,True,70554.0,48819.0,1,0,0,21735.0,0
v023_g_capital_optimizer,20160,False,53292.0,29617.0,1,0,0,23675.0,0
v023_g_capital_optimizer,20161,True,82012.0,69126.0,1,0,0,12886.0,0
v023_g_capital_optimizer,20161,False,64946.0,40896.0,1,0,0,24050.0,0
v023_g_capital_optimizer,20162,True,82915.0,63787.0,1,0,0,19128.0,0
v023_g_capital_optimizer,20162,False,92377.0,70112.0,1,0,0,22265.0,0
v023_g_capital_optimizer,20163,True,93197.0,75390.0,1,0,0,17807.0,0
v023_g_capital_optimizer,20163,False,92801.0,79810.0,1,0,0,12991.0,0
v023_g_capital_optimizer,20164,True,90101.0,62537.0,1,0,0,27564.0,0
v023_g_capital_optimizer,20164,False,91700.0,69009.0,1,0,0,22691.0,0
v023_g_capital_optimizer,20165,True,34279.0,39079.0,0,0,1,-4800.0,0
v023_g_capital_optimizer,20165,False,48176.0,49888.0,0,0,1,-1712.0,0
v023_g_capital_optimizer,20166,True,47948.0,24016.0,1,0,0,23932.0,0
v023_g_capital_optimizer,20166,False,35061.0,21762.0,1,0,0,13299.0,0
v023_g_capital_optimizer,20167,True,62079.0,50547.0,1,0,0,11532.0,0
v023_g_capital_optimizer,20167,False,54586.0,45529.0,1,0,0,9057.0,0
v023_g_capital_optimizer,20168,True,65893.0,46718.0,1,0,0,19175.0,0
v023_g_capital_optimizer,20168,False,60184.0,39899.0,1,0,0,20285.0,0
v023_g_capital_optimizer,20169,True,93488.0,80375.0,1,0,0,13113.0,0
v023_g_capital_optimizer,20169,False,94992.0,91936.0,1,0,0,3056.0,0
v023_g_capital_optimizer,20170,True,99839.0,86187.0,1,0,0,13652.0,0
v023_g_capital_optimizer,20170,False,99603.0,86310.0,1,0,0,13293.0,0
v023_g_capital_optimizer,20171,True,47261.0,53441.0,0,0,1,-6180.0,0
v023_g_capital_optimizer,20171,False,47136.0,53545.0,0,0,1,-6409.0,0
v023_g_capital_optimizer,20172,True,74302.0,54978.0,1,0,0,19324.0,0
v023_g_capital_optimizer,20172,False,73348.0,55524.0,1,0,0,17824.0,0
v023_g_capital_optimizer,20173,True,79944.0,73618.0,1,0,0,6326.0,0
v023_g_capital_optimizer,20173,False,80808.0,73326.0,1,0,0,7482.0,0
v023_g_capital_optimizer,20174,True,52626.0,45817.0,1,0,0,6809.0,0
v023_g_capital_optimizer,20174,False,48481.0,48381.0,1,0,0,100.0,0
v023_g_capital_optimizer,20175,True,75374.0,57181.0,1,0,0,18193.0,0
v023_g_capital_optimizer,20175,False,79317.0,62527.0,1,0,0,16790.0,0
v023_g_capital_optimizer,20176,True,48099.0,32956.0,1,0,0,15143.0,0
v023_g_capital_optimizer,20176,False,50765.0,46118.0,1,0,0,4647.0,0
v023_g_capital_optimizer,20177,True,53159.0,35932.0,1,0,0,17227.0,0
v023_g_capital_optimizer,20177,False,87389.0,63119.0,1,0,0,24270.0,0
v023_g_capital_optimizer,20178,True,72048.0,62893.0,1,0,0,9155.0,0
v023_g_capital_optimizer,20178,False,73125.0,64362.0,1,0,0,8763.0,0
v023_g_capital_optimizer,20179,True,49341.0,40863.0,1,0,0,8478.0,0
v023_g_capital_optimizer,20179,False,72515.0,75258.0,0,0,1,-2743.0,0
v023_g_capital_optimizer,20180,True,101439.0,92824.0,1,0,0,8615.0,0
v023_g_capital_optimizer,20180,False,102942.0,76628.0,1,0,0,26314.0,0
v023_g_capital_optimizer,20181,True,49843.0,44560.0,1,0,0,5283.0,0
v023_g_capital_optimizer,20181,False,46186.0,40568.0,1,0,0,5618.0,0
v023_g_capital_optimizer,20182,True,64860.0,67501.0,0,0,1,-2641.0,0
v023_g_capital_optimizer,20182,False,63007.0,59912.0,1,0,0,3095.0,0
v023_g_capital_optimizer,20183,True,92259.0,69367.0,1,0,0,22892.0,0
v023_g_capital_optimizer,20183,False,90967.0,61954.0,1,0,0,29013.0,0
v023_g_capital_optimizer,20184,True,68865.0,52404.0,1,0,0,16461.0,0
v023_g_capital_optimizer,20184,False,64573.0,48893.0,1,0,0,15680.0,0
v023_g_capital_optimizer,20185,True,41492.0,40832.0,1,0,0,660.0,0
v023_g_capital_optimizer,20185,False,40944.0,40950.0,0,0,1,-6.0,0
v023_g_capital_optimizer,20186,True,40442.0,35750.0,1,0,0,4692.0,0
v023_g_capital_optimizer,20186,False,44125.0,31892.0,1,0,0,12233.0,0
v023_g_capital_optimizer,20187,True,41940.0,41647.0,1,0,0,293.0,0
v023_g_capital_optimizer,20187,False,37263.0,42447.0,0,0,1,-5184.0,0
v023_g_capital_optimizer,20188,True,60790.0,61307.0,0,0,1,-517.0,0
v023_g_capital_optimizer,20188,False,83139.0,80212.0,1,0,0,2927.0,0
v023_g_capital_optimizer,20189,True,78780.0,66648.0,1,0,0,12132.0,0
v023_g_capital_optimizer,20189,False,88838.0,82246.0,1,0,0,6592.0,0
v023_g_capital_optimizer,20190,True,64971.0,41364.0,1,0,0,23607.0,0
v023_g_capital_optimizer,20190,False,49154.0,38099.0,1,0,0,11055.0,0
v023_g_capital_optimizer,20191,True,60281.0,55731.0,1,0,0,4550.0,0
v023_g_capital_optimizer,20191,False,87738.0,68272.0,1,0,0,19466.0,0
v023_g_capital_optimizer,20192,True,100354.0,73414.0,1,0,0,26940.0,0
v023_g_capital_optimizer,20192,False,74099.0,58575.0,1,0,0,15524.0,0
v023_g_capital_optimizer,20193,True,53236.0,57514.0,0,0,1,-4278.0,0
v023_g_capital_optimizer,20193,False,59491.0,57147.0,1,0,0,2344.0,0
v023_g_capital_optimizer,20194,True,77369.0,69495.0,1,0,0,7874.0,0
v023_g_capital_optimizer,20194,False,76437.0,72153.0,1,0,0,4284.0,0
v023_g_capital_optimizer,20195,True,59365.0,41505.0,1,0,0,17860.0,0
v023_g_capital_optimizer,20195,False,53430.0,42137.0,1,0,0,11293.0,0
v023_g_capital_optimizer,20196,True,35802.0,33736.0,1,0,0,2066.0,0
v023_g_capital_optimizer,20196,False,49694.0,55216.0,0,0,1,-5522.0,0
v023_g_capital_optimizer,20197,True,80057.0,66715.0,1,0,0,13342.0,0
v023_g_capital_optimizer,20197,False,72819.0,51800.0,1,0,0,21019.0,0
v023_g_capital_optimizer,20198,True,76672.0,72315.0,1,0,0,4357.0,0
v023_g_capital_optimizer,20198,False,53217.0,48334.0,1,0,0,4883.0,0
v023_g_capital_optimizer,20199,True,45328.0,48717.0,0,0,1,-3389.0,0
v023_g_capital_optimizer,20199,False,48151.0,55371.0,0,0,1,-7220.0,0
v023_g_capital_optimizer,20200,True,50054.0,58381.0,0,0,1,-8327.0,0
v023_g_capital_optimizer,20200,False,66553.0,67204.0,0,0,1,-651.0,0
v023_g_capital_optimizer,20201,True,22153.0,7213.0,1,0,0,14940.0,0
v023_g_capital_optimizer,20201,False,40950.0,20325.0,1,0,0,20625.0,0
v023_g_capital_optimizer,20202,True,46496.0,47782.0,0,0,1,-1286.0,0
v023_g_capital_optimizer,20202,False,57000.0,57008.0,0,0,1,-8.0,0
v023_g_capital_optimizer,20203,True,29193.0,27724.0,1,0,0,1469.0,0
v023_g_capital_optimizer,20203,False,30269.0,28331.0,1,0,0,1938.0,0
v023_g_capital_optimizer,20204,True,76648.0,51700.0,1,0,0,24948.0,0
v023_g_capital_optimizer,20204,False,78211.0,70484.0,1,0,0,7727.0,0
v023_g_capital_optimizer,20205,True,31509.0,27880.0,1,0,0,3629.0,0
v023_g_capital_optimizer,20205,False,30039.0,31119.0,0,0,1,-1080.0,0
v023_g_capital_optimizer,20206,True,84625.0,67550.0,1,0,0,17075.0,0
v023_g_capital_optimizer,20206,False,100331.0,75811.0,1,0,0,24520.0,0
v023_g_capital_optimizer,20207,True,37761.0,28829.0,1,0,0,8932.0,0
v023_g_capital_optimizer,20207,False,39396.0,38421.0,1,0,0,975.0,0
v023_g_capital_optimizer,20208,True,87588.0,72606.0,1,0,0,14982.0,0
v023_g_capital_optimizer,20208,False,94821.0,83358.0,1,0,0,11463.0,0
v023_g_capital_optimizer,20209,True,54191.0,37177.0,1,0,0,17014.0,0
v023_g_capital_optimizer,20209,False,66346.0,43304.0,1,0,0,23042.0,0
v023_g_capital_optimizer,20210,True,54932.0,43202.0,1,0,0,11730.0,0
v023_g_capital_optimizer,20210,False,61428.0,48428.0,1,0,0,13000.0,0
v023_g_capital_optimizer,20211,True,75723.0,76762.0,0,0,1,-1039.0,0
v023_g_capital_optimizer,20211,False,64520.0,67867.0,0,0,1,-3347.0,0
v023_g_capital_optimizer,20212,True,59085.0,47283.0,1,0,0,11802.0,0
v023_g_capital_optimizer,20212,False,72086.0,49452.0,1,0,0,22634.0,0
v023_g_capital_optimizer,20213,True,56016.0,45499.0,1,0,0,10517.0,0
v023_g_capital_optimizer,20213,False,33296.0,20999.0,1,0,0,12297.0,0
v023_g_capital_optimizer,20214,True,49448.0,25502.0,1,0,0,23946.0,0
v023_g_capital_optimizer,20214,False,83471.0,63695.0,1,0,0,19776.0,0
v023_g_capital_optimizer,20215,True,45998.0,32488.0,1,0,0,13510.0,0
v023_g_capital_optimizer,20215,False,46082.0,35938.0,1,0,0,10144.0,0
v023_g_capital_optimizer,20216,True,40050.0,30349.0,1,0,0,9701.0,0
v023_g_capital_optimizer,20216,False,30260.0,16194.0,1,0,0,14066.0,0
v023_g_capital_optimizer,20217,True,40921.0,42175.0,0,0,1,-1254.0,0
v023_g_capital_optimizer,20217,False,54830.0,49181.0,1,0,0,5649.0,0
v023_g_capital_optimizer,20218,True,92167.0,67109.0,1,0,0,25058.0,0
v023_g_capital_optimizer,20218,False,88195.0,71196.0,1,0,0,16999.0,0
v023_g_capital_optimizer,20219,True,61768.0,31810.0,1,0,0,29958.0,0
v023_g_capital_optimizer,20219,False,66423.0,41478.0,1,0,0,24945.0,0
v023_g_capital_optimizer,20220,True,97400.0,73753.0,1,0,0,23647.0,0
v023_g_capital_optimizer,20220,False,95682.0,75432.0,1,0,0,20250.0,0
v023_g_capital_optimizer,20221,True,73801.0,56289.0,1,0,0,17512.0,0
v023_g_capital_optimizer,20221,False,71061.0,40318.0,1,0,0,30743.0,0
v023_g_capital_optimizer,20222,True,54174.0,30026.0,1,0,0,24148.0,0
v023_g_capital_optimizer,20222,False,52032.0,49126.0,1,0,0,2906.0,0
v023_g_capital_optimizer,20223,True,30567.0,9076.0,1,0,0,21491.0,0
v023_g_capital_optimizer,20223,False,37197.0,26324.0,1,0,0,10873.0,0
v023_g_capital_optimizer,20224,True,80608.0,65408.0,1,0,0,15200.0,0
v023_g_capital_optimizer,20224,False,79563.0,72926.0,1,0,0,6637.0,0
v023_g_capital_optimizer,20225,True,40864.0,29964.0,1,0,0,10900.0,0
v023_g_capital_optimizer,20225,False,49165.0,44728.0,1,0,0,4437.0,0
v023_g_capital_optimizer,20226,True,81314.0,67074.0,1,0,0,14240.0,0
v023_g_capital_optimizer,20226,False,63913.0,55491.0,1,0,0,8422.0,0
v023_g_capital_optimizer,20227,True,88456.0,71816.0,1,0,0,16640.0,0
v023_g_capital_optimizer,20227,False,56529.0,38109.0,1,0,0,18420.0,0
v023_g_capital_optimizer,20228,True,67346.0,48191.0,1,0,0,19155.0,0
v023_g_capital_optimizer,20228,False,89133.0,62743.0,1,0,0,26390.0,0
v023_g_capital_optimizer,20229,True,47110.0,32487.0,1,0,0,14623.0,0
v023_g_capital_optimizer,20229,False,77712.0,65774.0,1,0,0,11938.0,0
v023_g_capital_optimizer,20230,True,63470.0,43769.0,1,0,0,19701.0,0
v023_g_capital_optimizer,20230,False,60231.0,39499.0,1,0,0,20732.0,0
v023_g_capital_optimizer,20231,True,55305.0,55303.0,1,0,0,2.0,0
v023_g_capital_optimizer,20231,False,51932.0,53484.0,0,0,1,-1552.0,0
v023_g_capital_optimizer,20232,True,95670.0,70063.0,1,0,0,25607.0,0
v023_g_capital_optimizer,20232,False,97471.0,67396.0,1,0,0,30075.0,0
v023_g_capital_optimizer,20233,True,44773.0,30490.0,1,0,0,14283.0,0
v023_g_capital_optimizer,20233,False,40023.0,26314.0,1,0,0,13709.0,0
v023_g_capital_optimizer,20234,True,85790.0,63120.0,1,0,0,22670.0,0
v023_g_capital_optimizer,20234,False,92376.0,75805.0,1,0,0,16571.0,0
v023_g_capital_optimizer,20235,True,47322.0,37588.0,1,0,0,9734.0,0
v023_g_capital_optimizer,20235,False,86622.0,67897.0,1,0,0,18725.0,0
v023_g_capital_optimizer,20236,True,68850.0,62891.0,1,0,0,5959.0,0
v023_g_capital_optimizer,20236,False,70472.0,54929.0,1,0,0,15543.0,0
v023_g_capital_optimizer,20237,True,92254.0,71434.0,1,0,0,20820.0,0
v023_g_capital_optimizer,20237,False,54749.0,41113.0,1,0,0,13636.0,0
v023_g_capital_optimizer,20238,True,65359.0,50111.0,1,0,0,15248.0,0
v023_g_capital_optimizer,20238,False,85835.0,70735.0,1,0,0,15100.0,0
v023_g_capital_optimizer,20239,True,47244.0,31988.0,1,0,0,15256.0,0
v023_g_capital_optimizer,20239,False,81070.0,61398.0,1,0,0,19672.0,0
v023_g_capital_optimizer,20240,True,103623.0,72538.0,1,0,0,31085.0,0
v023_g_capital_optimizer,20240,False,66054.0,50968.0,1,0,0,15086.0,0
v023_g_capital_optimizer,20241,True,103855.0,91408.0,1,0,0,12447.0,0
v023_g_capital_optimizer,20241,False,60081.0,48460.0,1,0,0,11621.0,0
v023_g_capital_optimizer,20242,True,61198.0,60760.0,1,0,0,438.0,0
v023_g_capital_optimizer,20242,False,79069.0,79661.0,0,0,1,-592.0,0
v023_g_capital_optimizer,20243,True,86865.0,78270.0,1,0,0,8595.0,0
v023_g_capital_optimizer,20243,False,79970.0,62222.0,1,0,0,17748.0,0
v023_g_capital_optimizer,20244,True,86266.0,60078.0,1,0,0,26188.0,0
v023_g_capital_optimizer,20244,False,88891.0,67291.0,1,0,0,21600.0,0
v023_g_capital_optimizer,20245,True,55389.0,56368.0,0,0,1,-979.0,0
v023_g_capital_optimizer,20245,False,50657.0,55101.0,0,0,1,-4444.0,0
v023_g_capital_optimizer,20246,True,53924.0,58277.0,0,0,1,-4353.0,0
v023_g_capital_optimizer,20246,False,49602.0,54968.0,0,0,1,-5366.0,0
v023_g_capital_optimizer,20247,True,47079.0,51049.0,0,0,1,-3970.0,0
v023_g_capital_optimizer,20247,False,45519.0,44849.0,1,0,0,670.0,0
v023_g_capital_optimizer,20248,True,37159.0,32132.0,1,0,0,5027.0,0
v023_g_capital_optimizer,20248,False,30172.0,16411.0,1,0,0,13761.0,0
v023_g_capital_optimizer,20249,True,66567.0,65464.0,1,0,0,1103.0,0
v023_g_capital_optimizer,20249,False,57538.0,62120.0,0,0,1,-4582.0,0
v023_g_capital_optimizer,20250,True,82443.0,72736.0,1,0,0,9707.0,0
v023_g_capital_optimizer,20250,False,62106.0,54733.0,1,0,0,7373.0,0
v023_g_capital_optimizer,20251,True,89268.0,79534.0,1,0,0,9734.0,0
v023_g_capital_optimizer,20251,False,79068.0,76399.0,1,0,0,2669.0,0
v023_g_capital_optimizer,20252,True,55030.0,42658.0,1,0,0,12372.0,0
v023_g_capital_optimizer,20252,False,57156.0,48579.0,1,0,0,8577.0,0
v023_g_capital_optimizer,20253,True,38321.0,28641.0,1,0,0,9680.0,0
v023_g_capital_optimizer,20253,False,36559.0,25720.0,1,0,0,10839.0,0
v023_g_capital_optimizer,20254,True,67124.0,51257.0,1,0,0,15867.0,0
v023_g_capital_optimizer,20254,False,62693.0,47777.0,1,0,0,14916.0,0
v023_g_capital_optimizer,20255,True,68037.0,54329.0,1,0,0,13708.0,0
v023_g_capital_optimizer,20255,False,62560.0,56979.0,1,0,0,5581.0,0
v023_g_capital_optimizer,20256,True,88004.0,80859.0,1,0,0,7145.0,0
v023_g_capital_optimizer,20256,False,89557.0,81084.0,1,0,0,8473.0,0
v023_g_capital_optimizer,20257,True,91150.0,74066.0,1,0,0,17084.0,0
v023_g_capital_optimizer,20257,False,97398.0,76419.0,1,0,0,20979.0,0
v023_g_capital_optimizer,20258,True,69607.0,68779.0,1,0,0,828.0,0
v023_g_capital_optimizer,20258,False,60050.0,57055.0,1,0,0,2995.0,0
v023_g_capital_optimizer,20259,True,70982.0,58975.0,1,0,0,12007.0,0
v023_g_capital_optimizer,20259,False,56416.0,44638.0,1,0,0,11778.0,0
v023_g_capital_optimizer,20260,True,92129.0,74014.0,1,0,0,18115.0,0
v023_g_capital_optimizer,20260,False,90965.0,66727.0,1,0,0,24238.0,0
v023_g_capital_optimizer,20261,True,66992.0,58168.0,1,0,0,8824.0,0
v023_g_capital_optimizer,20261,False,89530.0,71098.0,1,0,0,18432.0,0
v023_g_capital_optimizer,20262,True,64721.0,60902.0,1,0,0,3819.0,0
v023_g_capital_optimizer,20262,False,41068.0,40354.0,1,0,0,714.0,0
v023_g_capital_optimizer,20263,True,64131.0,42353.0,1,0,0,21778.0,0
v023_g_capital_optimizer,20263,False,55618.0,47514.0,1,0,0,8104.0,0
v023_g_capital_optimizer,20264,True,91868.0,83555.0,1,0,0,8313.0,0
v023_g_capital_optimizer,20264,False,63168.0,66218.0,0,0,1,-3050.0,0
v023_g_capital_optimizer,20265,True,97561.0,78424.0,1,0,0,19137.0,0
v023_g_capital_optimizer,20265,False,84177.0,64012.0,1,0,0,20165.0,0
v023_g_capital_optimizer,20266,True,63151.0,48102.0,1,0,0,15049.0,0
v023_g_capital_optimizer,20266,False,98998.0,90162.0,1,0,0,8836.0,0
v023_g_capital_optimizer,20267,True,88080.0,69148.0,1,0,0,18932.0,0
v023_g_capital_optimizer,20267,False,90266.0,74518.0,1,0,0,15748.0,0
v023_g_capital_optimizer,20268,True,59688.0,46644.0,1,0,0,13044.0,0
v023_g_capital_optimizer,20268,False,41663.0,33488.0,1,0,0,8175.0,0
v023_g_capital_optimizer,20269,True,56022.0,52616.0,1,0,0,3406.0,0
v023_g_capital_optimizer,20269,False,34961.0,32691.0,1,0,0,2270.0,0
v023_g_capital_optimizer,20270,True,98477.0,71886.0,1,0,0,26591.0,0
v023_g_capital_optimizer,20270,False,95121.0,69494.0,1,0,0,25627.0,0
v023_g_capital_optimizer,20271,True,73940.0,57161.0,1,0,0,16779.0,0
v023_g_capital_optimizer,20271,False,85117.0,65706.0,1,0,0,19411.0,0
v023_g_capital_optimizer,20272,True,50310.0,58565.0,0,0,1,-8255.0,0
v023_g_capital_optimizer,20272,False,50509.0,62948.0,0,0,1,-12439.0,0
v023_g_capital_optimizer,20273,True,54177.0,41435.0,1,0,0,12742.0,0
v023_g_capital_optimizer,20273,False,64574.0,54521.0,1,0,0,10053.0,0
v023_g_capital_optimizer,20274,True,47566.0,51955.0,0,0,1,-4389.0,0
v023_g_capital_optimizer,20274,False,34465.0,33660.0,1,0,0,805.0,0
v023_g_capital_optimizer,20275,True,80621.0,70741.0,1,0,0,9880.0,0
v023_g_capital_optimizer,20275,False,81634.0,57284.0,1,0,0,24350.0,0
v023_g_capital_optimizer,20276,True,92052.0,88950.0,1,0,0,3102.0,0
v023_g_capital_optimizer,20276,False,54004.0,56852.0,0,0,1,-2848.0,0
v023_g_capital_optimizer,20277,True,47526.0,49390.0,0,0,1,-1864.0,0
v023_g_capital_optimizer,20277,False,42955.0,36179.0,1,0,0,6776.0,0
v023_g_capital_optimizer,20278,True,65059.0,68722.0,0,0,1,-3663.0,0
v023_g_capital_optimizer,20278,False,81180.0,78782.0,1,0,0,2398.0,0
v023_g_capital_optimizer,20279,True,44279.0,36778.0,1,0,0,7501.0,0
v023_g_capital_optimizer,20279,False,54088.0,48452.0,1,0,0,5636.0,0
v023_g_capital_optimizer,20280,True,48241.0,32126.0,1,0,0,16115.0,0
v023_g_capital_optimizer,20280,False,48143.0,34891.0,1,0,0,13252.0,0
v023_g_capital_optimizer,20281,True,38463.0,40208.0,0,0,1,-1745.0,0
v023_g_capital_optimizer,20281,False,42711.0,41672.0,1,0,0,1039.0,0
v023_g_capital_optimizer,20282,True,40951.0,31414.0,1,0,0,9537.0,0
v023_g_capital_optimizer,20282,False,43982.0,35552.0,1,0,0,8430.0,0
v023_g_capital_optimizer,20283,True,53698.0,47595.0,1,0,0,6103.0,0
v023_g_capital_optimizer,20283,False,53236.0,47236.0,1,0,0,6000.0,0
v023_g_capital_optimizer,20284,True,68444.0,65522.0,1,0,0,2922.0,0
v023_g_capital_optimizer,20284,False,76149.0,69283.0,1,0,0,6866.0,0
v023_g_capital_optimizer,20285,True,100293.0,72205.0,1,0,0,28088.0,0
v023_g_capital_optimizer,20285,False,95382.0,71066.0,1,0,0,24316.0,0
v023_g_capital_optimizer,20286,True,87046.0,67491.0,1,0,0,19555.0,0
v023_g_capital_optimizer,20286,False,57262.0,35597.0,1,0,0,21665.0,0
v023_g_capital_optimizer,20287,True,80630.0,56797.0,1,0,0,23833.0,0
v023_g_capital_optimizer,20287,False,81535.0,70346.0,1,0,0,11189.0,0
v023_g_capital_optimizer,20288,True,51475.0,49975.0,1,0,0,1500.0,0
v023_g_capital_optimizer,20288,False,55455.0,52075.0,1,0,0,3380.0,0
v023_g_capital_optimizer,20289,True,69340.0,51863.0,1,0,0,17477.0,0
v023_g_capital_optimizer,20289,False,77807.0,55386.0,1,0,0,22421.0,0
v023_g_capital_optimizer,20290,True,72511.0,61350.0,1,0,0,11161.0,0
v023_g_capital_optimizer,20290,False,49077.0,49477.0,0,0,1,-400.0,0
v023_g_capital_optimizer,20291,True,54354.0,38212.0,1,0,0,16142.0,0
v023_g_capital_optimizer,20291,False,81064.0,71466.0,1,0,0,9598.0,0
v023_g_capital_optimizer,20292,True,86675.0,65128.0,1,0,0,21547.0,0
v023_g_capital_optimizer,20292,False,91977.0,70593.0,1,0,0,21384.0,0
v023_g_capital_optimizer,20293,True,66464.0,67672.0,0,0,1,-1208.0,0
v023_g_capital_optimizer,20293,False,57274.0,50839.0,1,0,0,6435.0,0
v023_g_capital_optimizer,20294,True,82718.0,68265.0,1,0,0,14453.0,0
v023_g_capital_optimizer,20294,False,72132.0,50188.0,1,0,0,21944.0,0
v023_g_capital_optimizer,20295,True,51961.0,55610.0,0,0,1,-3649.0,0
v023_g_capital_optimizer,20295,False,50090.0,53029.0,0,0,1,-2939.0,0
v023_g_capital_optimizer,20296,True,54806.0,35694.0,1,0,0,19112.0,0
v023_g_capital_optimizer,20296,False,80814.0,63939.0,1,0,0,16875.0,0
v023_g_capital_optimizer,20297,True,37706.0,30652.0,1,0,0,7054.0,0
v023_g_capital_optimizer,20297,False,66732.0,49907.0,1,0,0,16825.0,0
v023_g_capital_optimizer,20298,True,47563.0,47620.0,0,0,1,-57.0,0
v023_g_capital_optimizer,20298,False,46035.0,42450.0,1,0,0,3585.0,0
v023_g_capital_optimizer,20299,True,34605.0,19757.0,1,0,0,14848.0,0
v023_g_capital_optimizer,20299,False,50660.0,36680.0,1,0,0,13980.0,0
v023_g_capital_optimizer,20300,True,103249.0,99841.0,1,0,0,3408.0,0
v023_g_capital_optimizer,20300,False,102203.0,94585.0,1,0,0,7618.0,0
v023_g_capital_optimizer,20301,True,49034.0,31233.0,1,0,0,17801.0,0
v023_g_capital_optimizer,20301,False,71720.0,63475.0,1,0,0,8245.0,0
v023_g_capital_optimizer,20302,True,83338.0,66291.0,1,0,0,17047.0,0
v023_g_capital_optimizer,20302,False,97694.0,86261.0,1,0,0,11433.0,0
v023_g_capital_optimizer,20303,True,67444.0,63072.0,1,0,0,4372.0,0
v023_g_capital_optimizer,20303,False,97688.0,96283.0,1,0,0,1405.0,0
v023_g_capital_optimizer,20304,True,55811.0,56604.0,0,0,1,-793.0,0
v023_g_capital_optimizer,20304,False,48798.0,53775.0,0,0,1,-4977.0,0
v023_g_capital_optimizer,20305,True,83362.0,71301.0,1,0,0,12061.0,0
v023_g_capital_optimizer,20305,False,33017.0,21128.0,1,0,0,11889.0,0
v023_g_capital_optimizer,20306,True,65166.0,64945.0,1,0,0,221.0,0
v023_g_capital_optimizer,20306,False,66044.0,64056.0,1,0,0,1988.0,0
v023_g_capital_optimizer,20307,True,93987.0,86021.0,1,0,0,7966.0,0
v023_g_capital_optimizer,20307,False,70887.0,54240.0,1,0,0,16647.0,0
v023_g_capital_optimizer,20308,True,39003.0,32069.0,1,0,0,6934.0,0
v023_g_capital_optimizer,20308,False,62745.0,61386.0,1,0,0,1359.0,0
v023_g_capital_optimizer,20309,True,45078.0,48663.0,0,0,1,-3585.0,0
v023_g_capital_optimizer,20309,False,43932.0,28500.0,1,0,0,15432.0,0
v023_g_capital_optimizer,20310,True,46236.0,51287.0,0,0,1,-5051.0,0
v023_g_capital_optimizer,20310,False,47092.0,50896.0,0,0,1,-3804.0,0
v023_g_capital_optimizer,20311,True,85612.0,81525.0,1,0,0,4087.0,0
v023_g_capital_optimizer,20311,False,93201.0,82408.0,1,0,0,10793.0,0
v023_g_capital_optimizer,20312,True,94910.0,70992.0,1,0,0,23918.0,0
v023_g_capital_optimizer,20312,False,91893.0,73458.0,1,0,0,18435.0,0
v023_g_capital_optimizer,20313,True,90464.0,67499.0,1,0,0,22965.0,0
v023_g_capital_optimizer,20313,False,80875.0,61937.0,1,0,0,18938.0,0
v023_g_capital_optimizer,20314,True,99856.0,78292.0,1,0,0,21564.0,0
v023_g_capital_optimizer,20314,False,91818.0,63750.0,1,0,0,28068.0,0
v023_g_capital_optimizer,20315,True,84405.0,82292.0,1,0,0,2113.0,0
v023_g_capital_optimizer,20315,False,97204.0,97254.0,0,0,1,-50.0,0
v023_g_capital_optimizer,20316,True,39370.0,26199.0,1,0,0,13171.0,0
v023_g_capital_optimizer,20316,False,62220.0,47911.0,1,0,0,14309.0,0
v023_g_capital_optimizer,20317,True,79669.0,57520.0,1,0,0,22149.0,0
v023_g_capital_optimizer,20317,False,57133.0,46833.0,1,0,0,10300.0,0
v023_g_capital_optimizer,20318,True,89272.0,81135.0,1,0,0,8137.0,0
v023_g_capital_optimizer,20318,False,62845.0,59009.0,1,0,0,3836.0,0
v023_g_capital_optimizer,20319,True,83695.0,56704.0,1,0,0,26991.0,0
v023_g_capital_optimizer,20319,False,84022.0,58734.0,1,0,0,25288.0,0
v023_g_capital_optimizer,20320,True,72093.0,54569.0,1,0,0,17524.0,0
v023_g_capital_optimizer,20320,False,57470.0,42677.0,1,0,0,14793.0,0
v023_g_capital_optimizer,20321,True,51373.0,53300.0,0,0,1,-1927.0,0
v023_g_capital_optimizer,20321,False,55129.0,55624.0,0,0,1,-495.0,0
v023_g_capital_optimizer,20322,True,87970.0,67254.0,1,0,0,20716.0,0
v023_g_capital_optimizer,20322,False,88345.0,69805.0,1,0,0,18540.0,0
v023_g_capital_optimizer,20323,True,80398.0,67723.0,1,0,0,12675.0,0
v023_g_capital_optimizer,20323,False,80398.0,67798.0,1,0,0,12600.0,0
v023_g_capital_optimizer,20324,True,48959.0,36146.0,1,0,0,12813.0,0
v023_g_capital_optimizer,20324,False,49062.0,49112.0,0,0,1,-50.0,0
v023_g_capital_optimizer,20325,True,61414.0,55261.0,1,0,0,6153.0,0
v023_g_capital_optimizer,20325,False,64783.0,63108.0,1,0,0,1675.0,0
v023_g_capital_optimizer,20326,True,87149.0,72672.0,1,0,0,14477.0,0
v023_g_capital_optimizer,20326,False,89747.0,82903.0,1,0,0,6844.0,0
v023_g_capital_optimizer,20327,True,84567.0,69270.0,1,0,0,15297.0,0
v023_g_capital_optimizer,20327,False,79175.0,61328.0,1,0,0,17847.0,0
v023_g_capital_optimizer,20328,True,63562.0,49013.0,1,0,0,14549.0,0
v023_g_capital_optimizer,20328,False,79293.0,71764.0,1,0,0,7529.0,0
v023_g_capital_optimizer,20329,True,72356.0,53847.0,1,0,0,18509.0,0
v023_g_capital_optimizer,20329,False,71776.0,44647.0,1,0,0,27129.0,0
v023_g_capital_optimizer,20330,True,87496.0,72864.0,1,0,0,14632.0,0
v023_g_capital_optimizer,20330,False,91227.0,69584.0,1,0,0,21643.0,0
v023_g_capital_optimizer,20331,True,38524.0,26092.0,1,0,0,12432.0,0
v023_g_capital_optimizer,20331,False,36369.0,24649.0,1,0,0,11720.0,0
v023_g_capital_optimizer,20332,True,65054.0,44544.0,1,0,0,20510.0,0
v023_g_capital_optimizer,20332,False,57833.0,36184.0,1,0,0,21649.0,0
v023_g_capital_optimizer,20333,True,91457.0,83874.0,1,0,0,7583.0,0
v023_g_capital_optimizer,20333,False,91363.0,74309.0,1,0,0,17054.0,0
v023_g_capital_optimizer,20334,True,72438.0,73303.0,0,0,1,-865.0,0
v023_g_capital_optimizer,20334,False,59296.0,56580.0,1,0,0,2716.0,0
v023_g_capital_optimizer,20335,True,92737.0,59569.0,1,0,0,33168.0,0
v023_g_capital_optimizer,20335,False,94216.0,85299.0,1,0,0,8917.0,0
v023_g_capital_optimizer,20336,True,49215.0,43771.0,1,0,0,5444.0,0
v023_g_capital_optimizer,20336,False,43358.0,40650.0,1,0,0,2708.0,0
v023_g_capital_optimizer,20337,True,29468.0,26854.0,1,0,0,2614.0,0
v023_g_capital_optimizer,20337,False,52585.0,34456.0,1,0,0,18129.0,0
v023_g_capital_optimizer,20338,True,81093.0,65877.0,1,0,0,15216.0,0
v023_g_capital_optimizer,20338,False,79183.0,63497.0,1,0,0,15686.0,0
v023_g_capital_optimizer,20339,True,98007.0,71946.0,1,0,0,26061.0,0
v023_g_capital_optimizer,20339,False,83326.0,61124.0,1,0,0,22202.0,0
v023_g_capital_optimizer,20340,True,97959.0,83192.0,1,0,0,14767.0,0
v023_g_capital_optimizer,20340,False,94470.0,80194.0,1,0,0,14276.0,0
v023_g_capital_optimizer,20341,True,81225.0,71020.0,1,0,0,10205.0,0
v023_g_capital_optimizer,20341,False,85202.0,73091.0,1,0,0,12111.0,0
v023_g_capital_optimizer,20342,True,41977.0,31875.0,1,0,0,10102.0,0
v023_g_capital_optimizer,20342,False,48504.0,44708.0,1,0,0,3796.0,0
v023_g_capital_optimizer,20343,True,94738.0,72790.0,1,0,0,21948.0,0
v023_g_capital_optimizer,20343,False,90938.0,74963.0,1,0,0,15975.0,0
v023_g_capital_optimizer,20344,True,50428.0,47163.0,1,0,0,3265.0,0
v023_g_capital_optimizer,20344,False,56611.0,58556.0,0,0,1,-1945.0,0
v023_g_capital_optimizer,20345,True,51094.0,58273.0,0,0,1,-7179.0,0
v023_g_capital_optimizer,20345,False,52350.0,60665.0,0,0,1,-8315.0,0
v023_g_capital_optimizer,20346,True,94877.0,88680.0,1,0,0,6197.0,0
v023_g_capital_optimizer,20346,False,63026.0,63621.0,0,0,1,-595.0,0
v023_g_capital_optimizer,20347,True,49021.0,43447.0,1,0,0,5574.0,0
v023_g_capital_optimizer,20347,False,74517.0,58548.0,1,0,0,15969.0,0
v023_g_capital_optimizer,20348,True,78267.0,58425.0,1,0,0,19842.0,0
v023_g_capital_optimizer,20348,False,56588.0,40222.0,1,0,0,16366.0,0
v023_g_capital_optimizer,20349,True,92338.0,66812.0,1,0,0,25526.0,0
v023_g_capital_optimizer,20349,False,91827.0,75873.0,1,0,0,15954.0,0
v023_g_capital_optimizer,20350,True,65705.0,65755.0,0,0,1,-50.0,0
v023_g_capital_optimizer,20350,False,69971.0,64612.0,1,0,0,5359.0,0
v023_g_capital_optimizer,20351,True,84724.0,69810.0,1,0,0,14914.0,0
v023_g_capital_optimizer,20351,False,83375.0,69596.0,1,0,0,13779.0,0
v023_g_capital_optimizer,20352,True,45645.0,33425.0,1,0,0,12220.0,0
v023_g_capital_optimizer,20352,False,50231.0,31887.0,1,0,0,18344.0,0
v023_g_capital_optimizer,20353,True,78167.0,62606.0,1,0,0,15561.0,0
v023_g_capital_optimizer,20353,False,59370.0,59024.0,1,0,0,346.0,0
v023_g_capital_optimizer,20354,True,49319.0,47777.0,1,0,0,1542.0,0
v023_g_capital_optimizer,20354,False,49732.0,48659.0,1,0,0,1073.0,0
v023_g_capital_optimizer,20355,True,68283.0,61307.0,1,0,0,6976.0,0
v023_g_capital_optimizer,20355,False,46547.0,52465.0,0,0,1,-5918.0,0
v023_g_capital_optimizer,20356,True,42846.0,44262.0,0,0,1,-1416.0,0
v023_g_capital_optimizer,20356,False,34049.0,31583.0,1,0,0,2466.0,0
v023_g_capital_optimizer,20357,True,70212.0,63203.0,1,0,0,7009.0,0
v023_g_capital_optimizer,20357,False,70632.0,64505.0,1,0,0,6127.0,0
v023_g_capital_optimizer,20358,True,90988.0,63665.0,1,0,0,27323.0,0
v023_g_capital_optimizer,20358,False,87621.0,64568.0,1,0,0,23053.0,0
v023_g_capital_optimizer,20359,True,46231.0,52116.0,0,0,1,-5885.0,0
v023_g_capital_optimizer,20359,False,44517.0,46119.0,0,0,1,-1602.0,0
v023_g_capital_optimizer,20360,True,68224.0,40699.0,1,0,0,27525.0,0
v023_g_capital_optimizer,20360,False,77377.0,59890.0,1,0,0,17487.0,0
v023_g_capital_optimizer,20361,True,64833.0,43591.0,1,0,0,21242.0,0
v023_g_capital_optimizer,20361,False,81414.0,58935.0,1,0,0,22479.0,0
v023_g_capital_optimizer,20362,True,60462.0,57809.0,1,0,0,2653.0,0
v023_g_capital_optimizer,20362,False,86314.0,61136.0,1,0,0,25178.0,0
v023_g_capital_optimizer,20363,True,41331.0,30412.0,1,0,0,10919.0,0
v023_g_capital_optimizer,20363,False,40226.0,38021.0,1,0,0,2205.0,0
v023_g_capital_optimizer,20364,True,82357.0,55048.0,1,0,0,27309.0,0
v023_g_capital_optimizer,20364,False,90127.0,74986.0,1,0,0,15141.0,0
v023_g_capital_optimizer,20365,True,54718.0,41005.0,1,0,0,13713.0,0
v023_g_capital_optimizer,20365,False,42876.0,32078.0,1,0,0,10798.0,0
v023_g_capital_optimizer,20366,True,89755.0,66945.0,1,0,0,22810.0,0
v023_g_capital_optimizer,20366,False,84877.0,66409.0,1,0,0,18468.0,0
v023_g_capital_optimizer,20367,True,35683.0,20198.0,1,0,0,15485.0,0
v023_g_capital_optimizer,20367,False,58625.0,49942.0,1,0,0,8683.0,0
v023_g_capital_optimizer,20368,True,67428.0,62135.0,1,0,0,5293.0,0
v023_g_capital_optimizer,20368,False,83906.0,67098.0,1,0,0,16808.0,0
v023_g_capital_optimizer,20369,True,43542.0,30579.0,1,0,0,12963.0,0
v023_g_capital_optimizer,20369,False,40938.0,31485.0,1,0,0,9453.0,0
v023_g_capital_optimizer,20370,True,42074.0,44432.0,0,0,1,-2358.0,0
v023_g_capital_optimizer,20370,False,80206.0,75545.0,1,0,0,4661.0,0
v023_g_capital_optimizer,20371,True,87197.0,70284.0,1,0,0,16913.0,0
v023_g_capital_optimizer,20371,False,104128.0,88558.0,1,0,0,15570.0,0
v023_g_capital_optimizer,20372,True,51754.0,50449.0,1,0,0,1305.0,0
v023_g_capital_optimizer,20372,False,50247.0,47167.0,1,0,0,3080.0,0
v023_g_capital_optimizer,20373,True,54485.0,58452.0,0,0,1,-3967.0,0
v023_g_capital_optimizer,20373,False,47458.0,48168.0,0,0,1,-710.0,0
v023_g_capital_optimizer,20374,True,50817.0,61038.0,0,0,1,-10221.0,0
v023_g_capital_optimizer,20374,False,52368.0,52747.0,0,0,1,-379.0,0
v023_g_capital_optimizer,20375,True,94695.0,63621.0,1,0,0,31074.0,0
v023_g_capital_optimizer,20375,False,66158.0,53761.0,1,0,0,12397.0,0
v023_g_capital_optimizer,20376,True,96705.0,66459.0,1,0,0,30246.0,0
v023_g_capital_optimizer,20376,False,101105.0,74357.0,1,0,0,26748.0,0
v023_g_capital_optimizer,20377,True,44363.0,33056.0,1,0,0,11307.0,0
v023_g_capital_optimizer,20377,False,81168.0,54631.0,1,0,0,26537.0,0
v023_g_capital_optimizer,20378,True,79633.0,74038.0,1,0,0,5595.0,0
v023_g_capital_optimizer,20378,False,61939.0,55416.0,1,0,0,6523.0,0
v023_g_capital_optimizer,20379,True,93317.0,76760.0,1,0,0,16557.0,0
v023_g_capital_optimizer,20379,False,84996.0,73020.0,1,0,0,11976.0,0
v023_g_capital_optimizer,20380,True,70418.0,51409.0,1,0,0,19009.0,0
v023_g_capital_optimizer,20380,False,51253.0,38130.0,1,0,0,13123.0,0
v023_g_capital_optimizer,20381,True,51352.0,41414.0,1,0,0,9938.0,0
v023_g_capital_optimizer,20381,False,59140.0,42234.0,1,0,0,16906.0,0
v023_g_capital_optimizer,20382,True,88622.0,67119.0,1,0,0,21503.0,0
v023_g_capital_optimizer,20382,False,43870.0,40747.0,1,0,0,3123.0,0
v023_g_capital_optimizer,20383,True,71096.0,53141.0,1,0,0,17955.0,0
v023_g_capital_optimizer,20383,False,89120.0,73941.0,1,0,0,15179.0,0
v023_g_capital_optimizer,20384,True,91580.0,74116.0,1,0,0,17464.0,0
v023_g_capital_optimizer,20384,False,79938.0,65327.0,1,0,0,14611.0,0
v023_g_capital_optimizer,20385,True,89131.0,65445.0,1,0,0,23686.0,0
v023_g_capital_optimizer,20385,False,89602.0,67952.0,1,0,0,21650.0,0
v023_g_capital_optimizer,20386,True,49565.0,40912.0,1,0,0,8653.0,0
v023_g_capital_optimizer,20386,False,54504.0,44558.0,1,0,0,9946.0,0
v023_g_capital_optimizer,20387,True,50479.0,40154.0,1,0,0,10325.0,0
v023_g_capital_optimizer,20387,False,52400.0,50054.0,1,0,0,2346.0,0
v023_g_capital_optimizer,20388,True,88161.0,73443.0,1,0,0,14718.0,0
v023_g_capital_optimizer,20388,False,90476.0,77632.0,1,0,0,12844.0,0
v023_g_capital_optimizer,20389,True,45655.0,45871.0,0,0,1,-216.0,0
v023_g_capital_optimizer,20389,False,53195.0,48085.0,1,0,0,5110.0,0
v023_g_capital_optimizer,20390,True,61201.0,56134.0,1,0,0,5067.0,0
v023_g_capital_optimizer,20390,False,38960.0,40190.0,0,0,1,-1230.0,0
v023_g_capital_optimizer,20391,True,86870.0,73422.0,1,0,0,13448.0,0
v023_g_capital_optimizer,20391,False,86388.0,72514.0,1,0,0,13874.0,0
v023_g_capital_optimizer,20392,True,83862.0,66203.0,1,0,0,17659.0,0
v023_g_capital_optimizer,20392,False,89898.0,64577.0,1,0,0,25321.0,0
v023_g_capital_optimizer,20393,True,41213.0,26082.0,1,0,0,15131.0,0
v023_g_capital_optimizer,20393,False,38457.0,31141.0,1,0,0,7316.0,0
v023_g_capital_optimizer,20394,True,51191.0,58197.0,0,0,1,-7006.0,0
v023_g_capital_optimizer,20394,False,50018.0,55856.0,0,0,1,-5838.0,0
v023_g_capital_optimizer,20395,True,100977.0,99368.0,1,0,0,1609.0,0
v023_g_capital_optimizer,20395,False,89940.0,83245.0,1,0,0,6695.0,0
v023_g_capital_optimizer,20396,True,76086.0,64478.0,1,0,0,11608.0,0
v023_g_capital_optimizer,20396,False,38997.0,28591.0,1,0,0,10406.0,0
v023_g_capital_optimizer,20397,True,90141.0,74419.0,1,0,0,15722.0,0
v023_g_capital_optimizer,20397,False,104759.0,84283.0,1,0,0,20476.0,0
v023_g_capital_optimizer,20398,True,52264.0,55660.0,0,0,1,-3396.0,0
v023_g_capital_optimizer,20398,False,38435.0,35428.0,1,0,0,3007.0,0
v023_g_capital_optimizer,20399,True,100996.0,90228.0,1,0,0,10768.0,0
v023_g_capital_optimizer,20399,False,99697.0,91530.0,1,0,0,8167.0,0
v023_g_capital_optimizer,20400,True,62197.0,46010.0,1,0,0,16187.0,0
v023_g_capital_optimizer,20400,False,63241.0,50003.0,1,0,0,13238.0,0
v023_g_capital_optimizer,20401,True,30520.0,27663.0,1,0,0,2857.0,0
v023_g_capital_optimizer,20401,False,46446.0,43649.0,1,0,0,2797.0,0
v023_g_capital_optimizer,20402,True,42468.0,22523.0,1,0,0,19945.0,0
v023_g_capital_optimizer,20402,False,46632.0,27441.0,1,0,0,19191.0,0
v023_g_capital_optimizer,20403,True,48934.0,52902.0,0,0,1,-3968.0,0
v023_g_capital_optimizer,20403,False,45612.0,43645.0,1,0,0,1967.0,0
v023_g_capital_optimizer,20404,True,92381.0,85577.0,1,0,0,6804.0,0
v023_g_capital_optimizer,20404,False,49717.0,50433.0,0,0,1,-716.0,0
v023_g_capital_optimizer,20405,True,64397.0,58984.0,1,0,0,5413.0,0
v023_g_capital_optimizer,20405,False,64177.0,57879.0,1,0,0,6298.0,0
v023_g_capital_optimizer,20406,True,80004.0,73482.0,1,0,0,6522.0,0
v023_g_capital_optimizer,20406,False,56328.0,60497.0,0,0,1,-4169.0,0
v023_g_capital_optimizer,20407,True,87440.0,63568.0,1,0,0,23872.0,0
v023_g_capital_optimizer,20407,False,85953.0,64908.0,1,0,0,21045.0,0
v023_g_capital_optimizer,20408,True,77932.0,53326.0,1,0,0,24606.0,0
v023_g_capital_optimizer,20408,False,72697.0,51829.0,1,0,0,20868.0,0
v023_g_capital_optimizer,20409,True,87087.0,74897.0,1,0,0,12190.0,0
v023_g_capital_optimizer,20409,False,92604.0,76814.0,1,0,0,15790.0,0
v023_g_capital_optimizer,20410,True,71099.0,58620.0,1,0,0,12479.0,0
v023_g_capital_optimizer,20410,False,88446.0,67917.0,1,0,0,20529.0,0
v023_g_capital_optimizer,20411,True,23410.0,10064.0,1,0,0,13346.0,0
v023_g_capital_optimizer,20411,False,45895.0,38415.0,1,0,0,7480.0,0
v023_g_capital_optimizer,20412,True,48227.0,41530.0,1,0,0,6697.0,0
v023_g_capital_optimizer,20412,False,47995.0,50723.0,0,0,1,-2728.0,0
v023_g_capital_optimizer,20413,True,41678.0,27278.0,1,0,0,14400.0,0
v023_g_capital_optimizer,20413,False,41221.0,40142.0,1,0,0,1079.0,0
v023_g_capital_optimizer,20414,True,81251.0,60327.0,1,0,0,20924.0,0
v023_g_capital_optimizer,20414,False,89411.0,66795.0,1,0,0,22616.0,0
v023_g_capital_optimizer,20415,True,84027.0,68154.0,1,0,0,15873.0,0
v023_g_capital_optimizer,20415,False,81414.0,66641.0,1,0,0,14773.0,0
v023_g_capital_optimizer,20416,True,81912.0,62389.0,1,0,0,19523.0,0
v023_g_capital_optimizer,20416,False,83034.0,57132.0,1,0,0,25902.0,0
v023_g_capital_optimizer,20417,True,105490.0,96843.0,1,0,0,8647.0,0
v023_g_capital_optimizer,20417,False,97720.0,71209.0,1,0,0,26511.0,0
v023_g_capital_optimizer,20418,True,80141.0,65437.0,1,0,0,14704.0,0
v023_g_capital_optimizer,20418,False,63628.0,40400.0,1,0,0,23228.0,0
v023_g_capital_optimizer,20419,True,43474.0,28767.0,1,0,0,14707.0,0
v023_g_capital_optimizer,20419,False,48163.0,32157.0,1,0,0,16006.0,0
v023_g_capital_optimizer,20420,True,99342.0,77937.0,1,0,0,21405.0,0
v023_g_capital_optimizer,20420,False,90418.0,69106.0,1,0,0,21312.0,0
v023_g_capital_optimizer,20421,True,72146.0,53615.0,1,0,0,18531.0,0
v023_g_capital_optimizer,20421,False,55028.0,41838.0,1,0,0,13190.0,0
v023_g_capital_optimizer,20422,True,64603.0,66668.0,0,0,1,-2065.0,0
v023_g_capital_optimizer,20422,False,64111.0,60252.0,1,0,0,3859.0,0
v023_g_capital_optimizer,20423,True,93933.0,68294.0,1,0,0,25639.0,0
v023_g_capital_optimizer,20423,False,73238.0,50611.0,1,0,0,22627.0,0
v023_g_capital_optimizer,20424,True,63898.0,44126.0,1,0,0,19772.0,0
v023_g_capital_optimizer,20424,False,66316.0,47880.0,1,0,0,18436.0,0
v023_g_capital_optimizer,20425,True,97076.0,73071.0,1,0,0,24005.0,0
v023_g_capital_optimizer,20425,False,101489.0,77778.0,1,0,0,23711.0,0
v023_g_capital_optimizer,20426,True,86709.0,63037.0,1,0,0,23672.0,0
v023_g_capital_optimizer,20426,False,82933.0,62137.0,1,0,0,20796.0,0
v023_g_capital_optimizer,20427,True,86950.0,87036.0,0,0,1,-86.0,0
v023_g_capital_optimizer,20427,False,80365.0,76637.0,1,0,0,3728.0,0
v023_g_capital_optimizer,20428,True,70718.0,55986.0,1,0,0,14732.0,0
v023_g_capital_optimizer,20428,False,46119.0,29734.0,1,0,0,16385.0,0
v023_g_capital_optimizer,20429,True,53736.0,42810.0,1,0,0,10926.0,0
v023_g_capital_optimizer,20429,False,46084.0,33469.0,1,0,0,12615.0,0
v023_g_capital_optimizer,20430,True,29462.0,24979.0,1,0,0,4483.0,0
v023_g_capital_optimizer,20430,False,49533.0,45138.0,1,0,0,4395.0,0
v023_g_capital_optimizer,20431,True,42088.0,28845.0,1,0,0,13243.0,0
v023_g_capital_optimizer,20431,False,93153.0,84540.0,1,0,0,8613.0,0
v023_g_capital_optimizer,20432,True,59512.0,58928.0,1,0,0,584.0,0
v023_g_capital_optimizer,20432,False,60497.0,50416.0,1,0,0,10081.0,0
v023_g_capital_optimizer,20433,True,43076.0,33963.0,1,0,0,9113.0,0
v023_g_capital_optimizer,20433,False,45488.0,32418.0,1,0,0,13070.0,0
v023_g_capital_optimizer,20434,True,99894.0,73590.0,1,0,0,26304.0,0
v023_g_capital_optimizer,20434,False,55630.0,41456.0,1,0,0,14174.0,0
v023_g_capital_optimizer,20435,True,89111.0,67039.0,1,0,0,22072.0,0
v023_g_capital_optimizer,20435,False,83143.0,68657.0,1,0,0,14486.0,0
v023_g_capital_optimizer,20436,True,54336.0,48040.0,1,0,0,6296.0,0
v023_g_capital_optimizer,20436,False,48485.0,51315.0,0,0,1,-2830.0,0
v023_g_capital_optimizer,20437,True,91842.0,73593.0,1,0,0,18249.0,0
v023_g_capital_optimizer,20437,False,94557.0,76641.0,1,0,0,17916.0,0
v023_g_capital_optimizer,20438,True,84803.0,66683.0,1,0,0,18120.0,0
v023_g_capital_optimizer,20438,False,79098.0,51228.0,1,0,0,27870.0,0
v023_g_capital_optimizer,20439,True,54654.0,57208.0,0,0,1,-2554.0,0
v023_g_capital_optimizer,20439,False,54982.0,57012.0,0,0,1,-2030.0,0
v023_g_capital_optimizer,20440,True,41137.0,35397.0,1,0,0,5740.0,0
v023_g_capital_optimizer,20440,False,47964.0,40647.0,1,0,0,7317.0,0
v023_g_capital_optimizer,20441,True,42887.0,39652.0,1,0,0,3235.0,0
v023_g_capital_optimizer,20441,False,36482.0,19714.0,1,0,0,16768.0,0
v023_g_capital_optimizer,20442,True,33364.0,23636.0,1,0,0,9728.0,0
v023_g_capital_optimizer,20442,False,39744.0,27140.0,1,0,0,12604.0,0
v023_g_capital_optimizer,20443,True,97485.0,80279.0,1,0,0,17206.0,0
v023_g_capital_optimizer,20443,False,72935.0,65045.0,1,0,0,7890.0,0
v023_g_capital_optimizer,20444,True,63120.0,64022.0,0,0,1,-902.0,0
v023_g_capital_optimizer,20444,False,52736.0,53307.0,0,0,1,-571.0,0
v023_g_capital_optimizer,20445,True,53100.0,58550.0,0,0,1,-5450.0,0
v023_g_capital_optimizer,20445,False,69783.0,63909.0,1,0,0,5874.0,0
v023_g_capital_optimizer,20446,True,61497.0,39479.0,1,0,0,22018.0,0
v023_g_capital_optimizer,20446,False,59766.0,47102.0,1,0,0,12664.0,0
v023_g_capital_optimizer,20447,True,94021.0,72334.0,1,0,0,21687.0,0
v023_g_capital_optimizer,20447,False,90097.0,80776.0,1,0,0,9321.0,0
v023_g_capital_optimizer,20448,True,60895.0,43042.0,1,0,0,17853.0,0
v023_g_capital_optimizer,20448,False,69427.0,52615.0,1,0,0,16812.0,0
v023_g_capital_optimizer,20449,True,89686.0,68441.0,1,0,0,21245.0,0
v023_g_capital_optimizer,20449,False,86581.0,65698.0,1,0,0,20883.0,0
v023_g_capital_optimizer,20450,True,89434.0,78508.0,1,0,0,10926.0,0
v023_g_capital_optimizer,20450,False,79723.0,73106.0,1,0,0,6617.0,0
v023_g_capital_optimizer,20451,True,83512.0,68625.0,1,0,0,14887.0,0
v023_g_capital_optimizer,20451,False,64787.0,42978.0,1,0,0,21809.0,0
v023_g_capital_optimizer,20452,True,92966.0,76475.0,1,0,0,16491.0,0
v023_g_capital_optimizer,20452,False,81690.0,61851.0,1,0,0,19839.0,0
v023_g_capital_optimizer,20453,True,93352.0,71486.0,1,0,0,21866.0,0
v023_g_capital_optimizer,20453,False,83308.0,61713.0,1,0,0,21595.0,0
v023_g_capital_optimizer,20454,True,44531.0,36241.0,1,0,0,8290.0,0
v023_g_capital_optimizer,20454,False,50521.0,50169.0,1,0,0,352.0,0
v023_g_capital_optimizer,20455,True,80580.0,58660.0,1,0,0,21920.0,0
v023_g_capital_optimizer,20455,False,75631.0,54219.0,1,0,0,21412.0,0
v023_g_capital_optimizer,20456,True,72864.0,52625.0,1,0,0,20239.0,0
v023_g_capital_optimizer,20456,False,57017.0,47280.0,1,0,0,9737.0,0
v023_g_capital_optimizer,20457,True,75608.0,65217.0,1,0,0,10391.0,0
v023_g_capital_optimizer,20457,False,76436.0,69078.0,1,0,0,7358.0,0
v023_g_capital_optimizer,20458,True,95080.0,85785.0,1,0,0,9295.0,0
v023_g_capital_optimizer,20458,False,94662.0,82367.0,1,0,0,12295.0,0
v023_g_capital_optimizer,20459,True,73873.0,74691.0,0,0,1,-818.0,0
v023_g_capital_optimizer,20459,False,55239.0,57616.0,0,0,1,-2377.0,0
v023_g_capital_optimizer,20460,True,50900.0,55535.0,0,0,1,-4635.0,0
v023_g_capital_optimizer,20460,False,61299.0,59383.0,1,0,0,1916.0,0
v023_g_capital_optimizer,20461,True,78761.0,62410.0,1,0,0,16351.0,0
v023_g_capital_optimizer,20461,False,88047.0,70355.0,1,0,0,17692.0,0
v023_g_capital_optimizer,20462,True,66861.0,59661.0,1,0,0,7200.0,0
v023_g_capital_optimizer,20462,False,52580.0,45194.0,1,0,0,7386.0,0
v023_g_capital_optimizer,20463,True,49221.0,41672.0,1,0,0,7549.0,0
v023_g_capital_optimizer,20463,False,47917.0,45562.0,1,0,0,2355.0,0
v023_g_capital_optimizer,20464,True,82481.0,60957.0,1,0,0,21524.0,0
v023_g_capital_optimizer,20464,False,68867.0,56603.0,1,0,0,12264.0,0
v023_g_capital_optimizer,20465,True,47514.0,30464.0,1,0,0,17050.0,0
v023_g_capital_optimizer,20465,False,64548.0,57873.0,1,0,0,6675.0,0
v023_g_capital_optimizer,20466,True,40298.0,23893.0,1,0,0,16405.0,0
v023_g_capital_optimizer,20466,False,73102.0,56662.0,1,0,0,16440.0,0
v023_g_capital_optimizer,20467,True,94453.0,87452.0,1,0,0,7001.0,0
v023_g_capital_optimizer,20467,False,79076.0,77987.0,1,0,0,1089.0,0
v023_g_capital_optimizer,20468,True,51368.0,55293.0,0,0,1,-3925.0,0
v023_g_capital_optimizer,20468,False,51548.0,55022.0,0,0,1,-3474.0,0
v023_g_capital_optimizer,20469,True,95919.0,90174.0,1,0,0,5745.0,0
v023_g_capital_optimizer,20469,False,93060.0,88021.0,1,0,0,5039.0,0
v023_g_capital_optimizer,20470,True,47443.0,45447.0,1,0,0,1996.0,0
v023_g_capital_optimizer,20470,False,40747.0,40976.0,0,0,1,-229.0,0
v023_g_capital_optimizer,20471,True,94330.0,85047.0,1,0,0,9283.0,0
v023_g_capital_optimizer,20471,False,91533.0,74720.0,1,0,0,16813.0,0
v023_g_capital_optimizer,20472,True,42243.0,32001.0,1,0,0,10242.0,0
v023_g_capital_optimizer,20472,False,39772.0,38380.0,1,0,0,1392.0,0
v023_g_capital_optimizer,20473,True,52809.0,48187.0,1,0,0,4622.0,0
v023_g_capital_optimizer,20473,False,54274.0,57140.0,0,0,1,-2866.0,0
v023_g_capital_optimizer,20474,True,56516.0,55058.0,1,0,0,1458.0,0
v023_g_capital_optimizer,20474,False,84198.0,70338.0,1,0,0,13860.0,0
v023_g_capital_optimizer,20475,True,39443.0,34252.0,1,0,0,5191.0,0
v023_g_capital_optimizer,20475,False,35167.0,30242.0,1,0,0,4925.0,0
v023_g_capital_optimizer,20476,True,44549.0,30578.0,1,0,0,13971.0,0
v023_g_capital_optimizer,20476,False,53317.0,29314.0,1,0,0,24003.0,0
v023_g_capital_optimizer,20477,True,89335.0,57256.0,1,0,0,32079.0,0
v023_g_capital_optimizer,20477,False,79965.0,52295.0,1,0,0,27670.0,0
v023_g_capital_optimizer,20478,True,99799.0,71746.0,1,0,0,28053.0,0
v023_g_capital_optimizer,20478,False,87834.0,71040.0,1,0,0,16794.0,0
v023_g_capital_optimizer,20479,True,96978.0,79401.0,1,0,0,17577.0,0
v023_g_capital_optimizer,20479,False,93517.0,76872.0,1,0,0,16645.0,0
v023_g_capital_optimizer,20480,True,49846.0,38755.0,1,0,0,11091.0,0
v023_g_capital_optimizer,20480,False,35427.0,18582.0,1,0,0,16845.0,0
v023_g_capital_optimizer,20481,True,84829.0,67842.0,1,0,0,16987.0,0
v023_g_capital_optimizer,20481,False,54169.0,45713.0,1,0,0,8456.0,0
v023_g_capital_optimizer,20482,True,44315.0,28935.0,1,0,0,15380.0,0
v023_g_capital_optimizer,20482,False,48461.0,39480.0,1,0,0,8981.0,0
v023_g_capital_optimizer,20483,True,68674.0,60640.0,1,0,0,8034.0,0
v023_g_capital_optimizer,20483,False,80429.0,69386.0,1,0,0,11043.0,0
v023_g_capital_optimizer,20484,True,90693.0,88528.0,1,0,0,2165.0,0
v023_g_capital_optimizer,20484,False,79893.0,73833.0,1,0,0,6060.0,0
v023_g_capital_optimizer,20485,True,46664.0,33013.0,1,0,0,13651.0,0
v023_g_capital_optimizer,20485,False,58184.0,43315.0,1,0,0,14869.0,0
v023_g_capital_optimizer,20486,True,52913.0,58423.0,0,0,1,-5510.0,0
v023_g_capital_optimizer,20486,False,31723.0,31589.0,1,0,0,134.0,0
v023_g_capital_optimizer,20487,True,91323.0,81709.0,1,0,0,9614.0,0
v023_g_capital_optimizer,20487,False,78127.0,54142.0,1,0,0,23985.0,0
v023_g_capital_optimizer,20488,True,78948.0,63509.0,1,0,0,15439.0,0
v023_g_capital_optimizer,20488,False,62034.0,46854.0,1,0,0,15180.0,0
v023_g_capital_optimizer,20489,True,55845.0,36075.0,1,0,0,19770.0,0
v023_g_capital_optimizer,20489,False,60581.0,55742.0,1,0,0,4839.0,0
v023_g_capital_optimizer,20490,True,57231.0,61173.0,0,0,1,-3942.0,0
v023_g_capital_optimizer,20490,False,31782.0,29599.0,1,0,0,2183.0,0
v023_g_capital_optimizer,20491,True,57331.0,48993.0,1,0,0,8338.0,0
v023_g_capital_optimizer,20491,False,66922.0,55317.0,1,0,0,11605.0,0
v023_g_capital_optimizer,20492,True,84443.0,67380.0,1,0,0,17063.0,0
v023_g_capital_optimizer,20492,False,95355.0,77343.0,1,0,0,18012.0,0
v023_g_capital_optimizer,20493,True,29827.0,14500.0,1,0,0,15327.0,0
v023_g_capital_optimizer,20493,False,38205.0,26968.0,1,0,0,11237.0,0
v023_g_capital_optimizer,20494,True,50989.0,54875.0,0,0,1,-3886.0,0
v023_g_capital_optimizer,20494,False,49018.0,57755.0,0,0,1,-8737.0,0
v023_g_capital_optimizer,20495,True,64534.0,55892.0,1,0,0,8642.0,0
v023_g_capital_optimizer,20495,False,95632.0,85970.0,1,0,0,9662.0,0
v023_g_capital_optimizer,20496,True,54448.0,43039.0,1,0,0,11409.0,0
v023_g_capital_optimizer,20496,False,55693.0,44178.0,1,0,0,11515.0,0
v023_g_capital_optimizer,20497,True,90066.0,73516.0,1,0,0,16550.0,0
v023_g_capital_optimizer,20497,False,88317.0,71806.0,1,0,0,16511.0,0
v023_g_capital_optimizer,20498,True,94129.0,82938.0,1,0,0,11191.0,0
v023_g_capital_optimizer,20498,False,78947.0,44863.0,1,0,0,34084.0,0
v023_g_capital_optimizer,20499,True,55325.0,37018.0,1,0,0,18307.0,0
v023_g_capital_optimizer,20499,False,87416.0,56517.0,1,0,0,30899.0,0
v022_c_market_batching,30000,True,78293.0,36191.0,1,0,0,42102.0,0
v022_c_market_batching,30000,False,74476.0,44105.0,1,0,0,30371.0,0
v022_c_market_batching,30001,True,92962.0,49047.0,1,0,0,43915.0,0
v022_c_market_batching,30001,False,99916.0,55346.0,1,0,0,44570.0,0
v022_c_market_batching,30002,True,71312.0,19042.0,1,0,0,52270.0,0
v022_c_market_batching,30002,False,62322.0,19958.0,1,0,0,42364.0,0
v022_c_market_batching,30003,True,92000.0,43398.0,1,0,0,48602.0,0
v022_c_market_batching,30003,False,94271.0,44485.0,1,0,0,49786.0,0
v022_c_market_batching,30004,True,88892.0,47856.0,1,0,0,41036.0,0
v022_c_market_batching,30004,False,80145.0,49365.0,1,0,0,30780.0,0
v022_c_market_batching,30005,True,46651.0,24519.0,1,0,0,22132.0,0
v022_c_market_batching,30005,False,36070.0,14793.0,1,0,0,21277.0,0
v022_c_market_batching,30006,True,98606.0,56918.0,1,0,0,41688.0,0
v022_c_market_batching,30006,False,98141.0,60809.0,1,0,0,37332.0,0
v022_c_market_batching,30007,True,47109.0,21223.0,1,0,0,25886.0,0
v022_c_market_batching,30007,False,85735.0,51599.0,1,0,0,34136.0,0
v022_c_market_batching,30008,True,33872.0,21929.0,1,0,0,11943.0,0
v022_c_market_batching,30008,False,40498.0,26373.0,1,0,0,14125.0,0
v022_c_market_batching,30009,True,93066.0,65808.0,1,0,0,27258.0,0
v022_c_market_batching,30009,False,100216.0,74976.0,1,0,0,25240.0,0
v022_c_market_batching,30010,True,88184.0,53449.0,1,0,0,34735.0,0
v022_c_market_batching,30010,False,87051.0,49918.0,1,0,0,37133.0,0
v022_c_market_batching,30011,True,91886.0,57677.0,1,0,0,34209.0,0
v022_c_market_batching,30011,False,92410.0,52427.0,1,0,0,39983.0,0
v022_c_market_batching,30012,True,79431.0,56924.0,1,0,0,22507.0,0
v022_c_market_batching,30012,False,92900.0,71364.0,1,0,0,21536.0,0
v022_c_market_batching,30013,True,31122.0,124.0,1,0,0,30998.0,0
v022_c_market_batching,30013,False,40085.0,13241.0,1,0,0,26844.0,0
v022_c_market_batching,30014,True,35209.0,19906.0,1,0,0,15303.0,0
v022_c_market_batching,30014,False,51832.0,9734.0,1,0,0,42098.0,0
v022_c_market_batching,30015,True,57152.0,30885.0,1,0,0,26267.0,0
v022_c_market_batching,30015,False,69229.0,33297.0,1,0,0,35932.0,0
v022_c_market_batching,30016,True,53558.0,45082.0,1,0,0,8476.0,0
v022_c_market_batching,30016,False,85564.0,35167.0,1,0,0,50397.0,0
v022_c_market_batching,30017,True,88643.0,34170.0,1,0,0,54473.0,0
v022_c_market_batching,30017,False,81375.0,37066.0,1,0,0,44309.0,0
v022_c_market_batching,30018,True,100915.0,54590.0,1,0,0,46325.0,0
v022_c_market_batching,30018,False,98601.0,57494.0,1,0,0,41107.0,0
v022_c_market_batching,30019,True,75777.0,47243.0,1,0,0,28534.0,0
v022_c_market_batching,30019,False,74114.0,49488.0,1,0,0,24626.0,0
v022_c_market_batching,30020,True,96275.0,70171.0,1,0,0,26104.0,0
v022_c_market_batching,30020,False,82067.0,42599.0,1,0,0,39468.0,0
v022_c_market_batching,30021,True,63389.0,28916.0,1,0,0,34473.0,0
v022_c_market_batching,30021,False,66557.0,42800.0,1,0,0,23757.0,0
v022_c_market_batching,30022,True,53969.0,28046.0,1,0,0,25923.0,0
v022_c_market_batching,30022,False,81432.0,40045.0,1,0,0,41387.0,0
v022_c_market_batching,30023,True,72409.0,35474.0,1,0,0,36935.0,0
v022_c_market_batching,30023,False,58880.0,36650.0,1,0,0,22230.0,0
v022_c_market_batching,30024,True,31440.0,1246.0,1,0,0,30194.0,0
v022_c_market_batching,30024,False,80407.0,38051.0,1,0,0,42356.0,0
v022_c_market_batching,30025,True,98938.0,62266.0,1,0,0,36672.0,0
v022_c_market_batching,30025,False,96746.0,70752.0,1,0,0,25994.0,0
v022_c_market_batching,30026,True,61424.0,40628.0,1,0,0,20796.0,0
v022_c_market_batching,30026,False,65460.0,47983.0,1,0,0,17477.0,0
v022_c_market_batching,30027,True,50658.0,30775.0,1,0,0,19883.0,0
v022_c_market_batching,30027,False,49325.0,25347.0,1,0,0,23978.0,0
v022_c_market_batching,30028,True,66336.0,37032.0,1,0,0,29304.0,0
v022_c_market_batching,30028,False,67752.0,47925.0,1,0,0,19827.0,0
v022_c_market_batching,30029,True,103076.0,73582.0,1,0,0,29494.0,0
v022_c_market_batching,30029,False,70357.0,48680.0,1,0,0,21677.0,0
v022_c_market_batching,30030,True,52006.0,21665.0,1,0,0,30341.0,0
v022_c_market_batching,30030,False,83340.0,45093.0,1,0,0,38247.0,0
v022_c_market_batching,30031,True,61568.0,34927.0,1,0,0,26641.0,0
v022_c_market_batching,30031,False,50701.0,16469.0,1,0,0,34232.0,0
v022_c_market_batching,30032,True,64588.0,52487.0,1,0,0,12101.0,0
v022_c_market_batching,30032,False,53632.0,45202.0,1,0,0,8430.0,0
v022_c_market_batching,30033,True,93392.0,52395.0,1,0,0,40997.0,0
v022_c_market_batching,30033,False,96597.0,74960.0,1,0,0,21637.0,0
v022_c_market_batching,30034,True,47665.0,16313.0,1,0,0,31352.0,0
v022_c_market_batching,30034,False,36124.0,23860.0,1,0,0,12264.0,0
v022_c_market_batching,30035,True,96613.0,65726.0,1,0,0,30887.0,0
v022_c_market_batching,30035,False,100463.0,38841.0,1,0,0,61622.0,0
v022_c_market_batching,30036,True,87631.0,41444.0,1,0,0,46187.0,0
v022_c_market_batching,30036,False,86416.0,38584.0,1,0,0,47832.0,0
v022_c_market_batching,30037,True,96033.0,38223.0,1,0,0,57810.0,0
v022_c_market_batching,30037,False,86013.0,48219.0,1,0,0,37794.0,0
v022_c_market_batching,30038,True,81006.0,43256.0,1,0,0,37750.0,0
v022_c_market_batching,30038,False,81351.0,50961.0,1,0,0,30390.0,0
v022_c_market_batching,30039,True,96998.0,65729.0,1,0,0,31269.0,0
v022_c_market_batching,30039,False,99749.0,49137.0,1,0,0,50612.0,0
v022_c_market_batching,30040,True,46013.0,22683.0,1,0,0,23330.0,0
v022_c_market_batching,30040,False,46198.0,21151.0,1,0,0,25047.0,0
v022_c_market_batching,30041,True,51149.0,39148.0,1,0,0,12001.0,0
v022_c_market_batching,30041,False,48381.0,22933.0,1,0,0,25448.0,0
v022_c_market_batching,30042,True,66937.0,34922.0,1,0,0,32015.0,0
v022_c_market_batching,30042,False,66399.0,42998.0,1,0,0,23401.0,0
v022_c_market_batching,30043,True,50306.0,35222.0,1,0,0,15084.0,0
v022_c_market_batching,30043,False,75354.0,56301.0,1,0,0,19053.0,0
v022_c_market_batching,30044,True,59378.0,42016.0,1,0,0,17362.0,0
v022_c_market_batching,30044,False,51340.0,39939.0,1,0,0,11401.0,0
v022_c_market_batching,30045,True,47917.0,36136.0,1,0,0,11781.0,0
v022_c_market_batching,30045,False,49238.0,33760.0,1,0,0,15478.0,0
v022_c_market_batching,30046,True,62010.0,36449.0,1,0,0,25561.0,0
v022_c_market_batching,30046,False,63969.0,41165.0,1,0,0,22804.0,0
v022_c_market_batching,30047,True,50065.0,16940.0,1,0,0,33125.0,0
v022_c_market_batching,30047,False,52599.0,22021.0,1,0,0,30578.0,0
v022_c_market_batching,30048,True,80838.0,43222.0,1,0,0,37616.0,0
v022_c_market_batching,30048,False,89763.0,50272.0,1,0,0,39491.0,0
v022_c_market_batching,30049,True,48917.0,16584.0,1,0,0,32333.0,0
v022_c_market_batching,30049,False,69270.0,30584.0,1,0,0,38686.0,0
v022_c_market_batching,30050,True,83814.0,57234.0,1,0,0,26580.0,0
v022_c_market_batching,30050,False,66392.0,38072.0,1,0,0,28320.0,0
v022_c_market_batching,30051,True,59122.0,27591.0,1,0,0,31531.0,0
v022_c_market_batching,30051,False,77694.0,34019.0,1,0,0,43675.0,0
v022_c_market_batching,30052,True,84868.0,51001.0,1,0,0,33867.0,0
v022_c_market_batching,30052,False,43992.0,18953.0,1,0,0,25039.0,0
v022_c_market_batching,30053,True,84761.0,46823.0,1,0,0,37938.0,0
v022_c_market_batching,30053,False,101854.0,72039.0,1,0,0,29815.0,0
v022_c_market_batching,30054,True,92228.0,52364.0,1,0,0,39864.0,0
v022_c_market_batching,30054,False,97407.0,63139.0,1,0,0,34268.0,0
v022_c_market_batching,30055,True,39552.0,18569.0,1,0,0,20983.0,0
v022_c_market_batching,30055,False,54423.0,33823.0,1,0,0,20600.0,0
v022_c_market_batching,30056,True,108658.0,55025.0,1,0,0,53633.0,0
v022_c_market_batching,30056,False,108739.0,57560.0,1,0,0,51179.0,0
v022_c_market_batching,30057,True,57721.0,29688.0,1,0,0,28033.0,0
v022_c_market_batching,30057,False,44497.0,22277.0,1,0,0,22220.0,0
v022_c_market_batching,30058,True,40869.0,18345.0,1,0,0,22524.0,0
v022_c_market_batching,30058,False,40563.0,14186.0,1,0,0,26377.0,0
v022_c_market_batching,30059,True,95796.0,74402.0,1,0,0,21394.0,0
v022_c_market_batching,30059,False,73861.0,56542.0,1,0,0,17319.0,0
v022_c_market_batching,30060,True,45167.0,29390.0,1,0,0,15777.0,0
v022_c_market_batching,30060,False,31681.0,8371.0,1,0,0,23310.0,0
v022_c_market_batching,30061,True,66504.0,30767.0,1,0,0,35737.0,0
v022_c_market_batching,30061,False,95196.0,75789.0,1,0,0,19407.0,0
v022_c_market_batching,30062,True,47358.0,38351.0,1,0,0,9007.0,0
v022_c_market_batching,30062,False,58479.0,36455.0,1,0,0,22024.0,0
v022_c_market_batching,30063,True,77973.0,33090.0,1,0,0,44883.0,0
v022_c_market_batching,30063,False,79162.0,32577.0,1,0,0,46585.0,0
v022_c_market_batching,30064,True,71650.0,40298.0,1,0,0,31352.0,0
v022_c_market_batching,30064,False,97071.0,77560.0,1,0,0,19511.0,0
v022_c_market_batching,30065,True,82694.0,43092.0,1,0,0,39602.0,0
v022_c_market_batching,30065,False,83560.0,59787.0,1,0,0,23773.0,0
v022_c_market_batching,30066,True,42196.0,15907.0,1,0,0,26289.0,0
v022_c_market_batching,30066,False,48667.0,21166.0,1,0,0,27501.0,0
v022_c_market_batching,30067,True,54485.0,21237.0,1,0,0,33248.0,0
v022_c_market_batching,30067,False,71351.0,31940.0,1,0,0,39411.0,0
v022_c_market_batching,30068,True,86862.0,44943.0,1,0,0,41919.0,0
v022_c_market_batching,30068,False,65608.0,28591.0,1,0,0,37017.0,0
v022_c_market_batching,30069,True,42819.0,24093.0,1,0,0,18726.0,0
v022_c_market_batching,30069,False,79797.0,60109.0,1,0,0,19688.0,0
v022_c_market_batching,30070,True,69982.0,49463.0,1,0,0,20519.0,0
v022_c_market_batching,30070,False,96041.0,65738.0,1,0,0,30303.0,0
v022_c_market_batching,30071,True,93638.0,72790.0,1,0,0,20848.0,0
v022_c_market_batching,30071,False,78972.0,45666.0,1,0,0,33306.0,0
v022_c_market_batching,30072,True,88600.0,50990.0,1,0,0,37610.0,0
v022_c_market_batching,30072,False,81220.0,45075.0,1,0,0,36145.0,0
v022_c_market_batching,30073,True,70196.0,52486.0,1,0,0,17710.0,0
v022_c_market_batching,30073,False,87967.0,58864.0,1,0,0,29103.0,0
v022_c_market_batching,30074,True,99889.0,45886.0,1,0,0,54003.0,0
v022_c_market_batching,30074,False,62310.0,39414.0,1,0,0,22896.0,0
v022_c_market_batching,30075,True,59202.0,43619.0,1,0,0,15583.0,0
v022_c_market_batching,30075,False,72054.0,44027.0,1,0,0,28027.0,0
v022_c_market_batching,30076,True,102041.0,68777.0,1,0,0,33264.0,0
v022_c_market_batching,30076,False,88997.0,53702.0,1,0,0,35295.0,0
v022_c_market_batching,30077,True,89393.0,40432.0,1,0,0,48961.0,0
v022_c_market_batching,30077,False,86969.0,55992.0,1,0,0,30977.0,0
v022_c_market_batching,30078,True,59675.0,49318.0,1,0,0,10357.0,0
v022_c_market_batching,30078,False,60673.0,51339.0,1,0,0,9334.0,0
v022_c_market_batching,30079,True,77779.0,39168.0,1,0,0,38611.0,0
v022_c_market_batching,30079,False,98041.0,65090.0,1,0,0,32951.0,0
v022_c_market_batching,30080,True,96616.0,70201.0,1,0,0,26415.0,0
v022_c_market_batching,30080,False,57609.0,43764.0,1,0,0,13845.0,0
v022_c_market_batching,30081,True,93208.0,51145.0,1,0,0,42063.0,0
v022_c_market_batching,30081,False,97583.0,67446.0,1,0,0,30137.0,0
v022_c_market_batching,30082,True,64048.0,41628.0,1,0,0,22420.0,0
v022_c_market_batching,30082,False,51781.0,32121.0,1,0,0,19660.0,0
v022_c_market_batching,30083,True,78180.0,39955.0,1,0,0,38225.0,0
v022_c_market_batching,30083,False,79274.0,34250.0,1,0,0,45024.0,0
v022_c_market_batching,30084,True,80493.0,65713.0,1,0,0,14780.0,0
v022_c_market_batching,30084,False,89155.0,58256.0,1,0,0,30899.0,0
v022_c_market_batching,30085,True,81227.0,61436.0,1,0,0,19791.0,0
v022_c_market_batching,30085,False,63116.0,49515.0,1,0,0,13601.0,0
v022_c_market_batching,30086,True,102740.0,67945.0,1,0,0,34795.0,0
v022_c_market_batching,30086,False,95903.0,58133.0,1,0,0,37770.0,0
v022_c_market_batching,30087,True,73268.0,28699.0,1,0,0,44569.0,0
v022_c_market_batching,30087,False,79048.0,32007.0,1,0,0,47041.0,0
v022_c_market_batching,30088,True,48433.0,31479.0,1,0,0,16954.0,0
v022_c_market_batching,30088,False,69664.0,38066.0,1,0,0,31598.0,0
v022_c_market_batching,30089,True,73773.0,55616.0,1,0,0,18157.0,0
v022_c_market_batching,30089,False,87323.0,38605.0,1,0,0,48718.0,0
v022_c_market_batching,30090,True,54421.0,19026.0,1,0,0,35395.0,0
v022_c_market_batching,30090,False,48920.0,10269.0,1,0,0,38651.0,0
v022_c_market_batching,30091,True,49206.0,38403.0,1,0,0,10803.0,0
v022_c_market_batching,30091,False,31621.0,19707.0,1,0,0,11914.0,0
v022_c_market_batching,30092,True,54565.0,46527.0,1,0,0,8038.0,0
v022_c_market_batching,30092,False,45335.0,9672.0,1,0,0,35663.0,0
v022_c_market_batching,30093,True,87267.0,64517.0,1,0,0,22750.0,0
v022_c_market_batching,30093,False,96967.0,65128.0,1,0,0,31839.0,0
v022_c_market_batching,30094,True,49458.0,46770.0,1,0,0,2688.0,0
v022_c_market_batching,30094,False,46844.0,34905.0,1,0,0,11939.0,0
v022_c_market_batching,30095,True,76264.0,30314.0,1,0,0,45950.0,0
v022_c_market_batching,30095,False,66397.0,22408.0,1,0,0,43989.0,0
v022_c_market_batching,30096,True,90371.0,52576.0,1,0,0,37795.0,0
v022_c_market_batching,30096,False,89537.0,58610.0,1,0,0,30927.0,0
v022_c_market_batching,30097,True,65387.0,43490.0,1,0,0,21897.0,0
v022_c_market_batching,30097,False,64818.0,43252.0,1,0,0,21566.0,0
v022_c_market_batching,30098,True,63415.0,38427.0,1,0,0,24988.0,0
v022_c_market_batching,30098,False,42946.0,10674.0,1,0,0,32272.0,0
v022_c_market_batching,30099,True,99052.0,63550.0,1,0,0,35502.0,0
v022_c_market_batching,30099,False,101261.0,65463.0,1,0,0,35798.0,0
v022_c_market_batching,30100,True,80731.0,38134.0,1,0,0,42597.0,0
v022_c_market_batching,30100,False,78217.0,44707.0,1,0,0,33510.0,0
v022_c_market_batching,30101,True,54812.0,24361.0,1,0,0,30451.0,0
v022_c_market_batching,30101,False,84434.0,56437.0,1,0,0,27997.0,0
v022_c_market_batching,30102,True,56171.0,44061.0,1,0,0,12110.0,0
v022_c_market_batching,30102,False,42763.0,18873.0,1,0,0,23890.0,0
v022_c_market_batching,30103,True,77902.0,52469.0,1,0,0,25433.0,0
v022_c_market_batching,30103,False,88037.0,64130.0,1,0,0,23907.0,0
v022_c_market_batching,30104,True,93093.0,33666.0,1,0,0,59427.0,0
v022_c_market_batching,30104,False,91776.0,60655.0,1,0,0,31121.0,0
v022_c_market_batching,30105,True,75885.0,57305.0,1,0,0,18580.0,0
v022_c_market_batching,30105,False,65913.0,48512.0,1,0,0,17401.0,0
v022_c_market_batching,30106,True,96875.0,66496.0,1,0,0,30379.0,0
v022_c_market_batching,30106,False,103794.0,70343.0,1,0,0,33451.0,0
v022_c_market_batching,30107,True,98293.0,60192.0,1,0,0,38101.0,0
v022_c_market_batching,30107,False,89729.0,46497.0,1,0,0,43232.0,0
v022_c_market_batching,30108,True,58586.0,34820.0,1,0,0,23766.0,0
v022_c_market_batching,30108,False,93555.0,60303.0,1,0,0,33252.0,0
v022_c_market_batching,30109,True,64940.0,47989.0,1,0,0,16951.0,0
v022_c_market_batching,30109,False,70688.0,48102.0,1,0,0,22586.0,0
v022_c_market_batching,30110,True,89665.0,51725.0,1,0,0,37940.0,0
v022_c_market_batching,30110,False,88848.0,37367.0,1,0,0,51481.0,0
v022_c_market_batching,30111,True,44678.0,26148.0,1,0,0,18530.0,0
v022_c_market_batching,30111,False,38485.0,21174.0,1,0,0,17311.0,0
v022_c_market_batching,30112,True,96368.0,59104.0,1,0,0,37264.0,0
v022_c_market_batching,30112,False,89896.0,27545.0,1,0,0,62351.0,0
v022_c_market_batching,30113,True,93001.0,35113.0,1,0,0,57888.0,0
v022_c_market_batching,30113,False,95647.0,69263.0,1,0,0,26384.0,0
v022_c_market_batching,30114,True,54239.0,39299.0,1,0,0,14940.0,0
v022_c_market_batching,30114,False,58044.0,37287.0,1,0,0,20757.0,0
v022_c_market_batching,30115,True,68547.0,54617.0,1,0,0,13930.0,0
v022_c_market_batching,30115,False,55754.0,47872.0,1,0,0,7882.0,0
v022_c_market_batching,30116,True,98106.0,68183.0,1,0,0,29923.0,0
v022_c_market_batching,30116,False,92259.0,59884.0,1,0,0,32375.0,0
v022_c_market_batching,30117,True,79670.0,37022.0,1,0,0,42648.0,0
v022_c_market_batching,30117,False,46565.0,18786.0,1,0,0,27779.0,0
v022_c_market_batching,30118,True,40811.0,28644.0,1,0,0,12167.0,0
v022_c_market_batching,30118,False,44913.0,31022.0,1,0,0,13891.0,0
v022_c_market_batching,30119,True,57335.0,31665.0,1,0,0,25670.0,0
v022_c_market_batching,30119,False,88865.0,56484.0,1,0,0,32381.0,0
v022_c_market_batching,30120,True,80460.0,39601.0,1,0,0,40859.0,0
v022_c_market_batching,30120,False,90241.0,51271.0,1,0,0,38970.0,0
v022_c_market_batching,30121,True,95714.0,63640.0,1,0,0,32074.0,0
v022_c_market_batching,30121,False,55735.0,43997.0,1,0,0,11738.0,0
v022_c_market_batching,30122,True,86722.0,43558.0,1,0,0,43164.0,0
v022_c_market_batching,30122,False,91277.0,53768.0,1,0,0,37509.0,0
v022_c_market_batching,30123,True,80900.0,36553.0,1,0,0,44347.0,0
v022_c_market_batching,30123,False,80092.0,33417.0,1,0,0,46675.0,0
v022_c_market_batching,30124,True,93005.0,56459.0,1,0,0,36546.0,0
v022_c_market_batching,30124,False,90619.0,46100.0,1,0,0,44519.0,0
v022_c_market_batching,30125,True,89796.0,40901.0,1,0,0,48895.0,0
v022_c_market_batching,30125,False,86689.0,41063.0,1,0,0,45626.0,0
v022_c_market_batching,30126,True,61732.0,27323.0,1,0,0,34409.0,0
v022_c_market_batching,30126,False,83498.0,62946.0,1,0,0,20552.0,0
v022_c_market_batching,30127,True,61302.0,48667.0,1,0,0,12635.0,0
v022_c_market_batching,30127,False,85784.0,46233.0,1,0,0,39551.0,0
v022_c_market_batching,30128,True,86101.0,40581.0,1,0,0,45520.0,0
v022_c_market_batching,30128,False,88568.0,48763.0,1,0,0,39805.0,0
v022_c_market_batching,30129,True,94596.0,32542.0,1,0,0,62054.0,0
v022_c_market_batching,30129,False,98378.0,44835.0,1,0,0,53543.0,0
v022_c_market_batching,30130,True,62355.0,20496.0,1,0,0,41859.0,0
v022_c_market_batching,30130,False,45552.0,12409.0,1,0,0,33143.0,0
v022_c_market_batching,30131,True,59551.0,44246.0,1,0,0,15305.0,0
v022_c_market_batching,30131,False,50727.0,44437.0,1,0,0,6290.0,0
v022_c_market_batching,30132,True,88013.0,59384.0,1,0,0,28629.0,0
v022_c_market_batching,30132,False,95085.0,46315.0,1,0,0,48770.0,0
v022_c_market_batching,30133,True,34846.0,18109.0,1,0,0,16737.0,0
v022_c_market_batching,30133,False,31281.0,15436.0,1,0,0,15845.0,0
v022_c_market_batching,30134,True,43892.0,1488.0,1,0,0,42404.0,0
v022_c_market_batching,30134,False,40623.0,28220.0,1,0,0,12403.0,0
v022_c_market_batching,30135,True,70601.0,44581.0,1,0,0,26020.0,0
v022_c_market_batching,30135,False,95553.0,54126.0,1,0,0,41427.0,0
v022_c_market_batching,30136,True,32561.0,21984.0,1,0,0,10577.0,0
v022_c_market_batching,30136,False,51666.0,39459.0,1,0,0,12207.0,0
v022_c_market_batching,30137,True,87903.0,44134.0,1,0,0,43769.0,0
v022_c_market_batching,30137,False,88450.0,40894.0,1,0,0,47556.0,0
v022_c_market_batching,30138,True,58245.0,42178.0,1,0,0,16067.0,0
v022_c_market_batching,30138,False,55205.0,30958.0,1,0,0,24247.0,0
v022_c_market_batching,30139,True,59656.0,46391.0,1,0,0,13265.0,0
v022_c_market_batching,30139,False,96335.0,62891.0,1,0,0,33444.0,0
v022_c_market_batching,30140,True,45871.0,19571.0,1,0,0,26300.0,0
v022_c_market_batching,30140,False,61038.0,26320.0,1,0,0,34718.0,0
v022_c_market_batching,30141,True,40180.0,12895.0,1,0,0,27285.0,0
v022_c_market_batching,30141,False,53155.0,37237.0,1,0,0,15918.0,0
v022_c_market_batching,30142,True,54188.0,31604.0,1,0,0,22584.0,0
v022_c_market_batching,30142,False,59521.0,28919.0,1,0,0,30602.0,0
v022_c_market_batching,30143,True,45063.0,22357.0,1,0,0,22706.0,0
v022_c_market_batching,30143,False,72091.0,28932.0,1,0,0,43159.0,0
v022_c_market_batching,30144,True,84038.0,42243.0,1,0,0,41795.0,0
v022_c_market_batching,30144,False,89621.0,38295.0,1,0,0,51326.0,0
v022_c_market_batching,30145,True,48588.0,29399.0,1,0,0,19189.0,0
v022_c_market_batching,30145,False,40433.0,15454.0,1,0,0,24979.0,0
v022_c_market_batching,30146,True,86307.0,59068.0,1,0,0,27239.0,0
v022_c_market_batching,30146,False,72902.0,52645.0,1,0,0,20257.0,0
v022_c_market_batching,30147,True,89496.0,57383.0,1,0,0,32113.0,0
v022_c_market_batching,30147,False,93336.0,61615.0,1,0,0,31721.0,0
v022_c_market_batching,30148,True,48106.0,31219.0,1,0,0,16887.0,0
v022_c_market_batching,30148,False,72882.0,32875.0,1,0,0,40007.0,0
v022_c_market_batching,30149,True,52733.0,26734.0,1,0,0,25999.0,0
v022_c_market_batching,30149,False,82224.0,36512.0,1,0,0,45712.0,0
v022_c_market_batching,30150,True,47428.0,33245.0,1,0,0,14183.0,0
v022_c_market_batching,30150,False,77116.0,51024.0,1,0,0,26092.0,0
v022_c_market_batching,30151,True,97754.0,45004.0,1,0,0,52750.0,0
v022_c_market_batching,30151,False,90999.0,58721.0,1,0,0,32278.0,0
v022_c_market_batching,30152,True,102890.0,64168.0,1,0,0,38722.0,0
v022_c_market_batching,30152,False,91978.0,43196.0,1,0,0,48782.0,0
v022_c_market_batching,30153,True,85391.0,52971.0,1,0,0,32420.0,0
v022_c_market_batching,30153,False,81950.0,46576.0,1,0,0,35374.0,0
v022_c_market_batching,30154,True,57961.0,26774.0,1,0,0,31187.0,0
v022_c_market_batching,30154,False,46121.0,29225.0,1,0,0,16896.0,0
v022_c_market_batching,30155,True,99909.0,58568.0,1,0,0,41341.0,0
v022_c_market_batching,30155,False,95856.0,64085.0,1,0,0,31771.0,0
v022_c_market_batching,30156,True,90389.0,53102.0,1,0,0,37287.0,0
v022_c_market_batching,30156,False,82806.0,39115.0,1,0,0,43691.0,0
v022_c_market_batching,30157,True,86657.0,50556.0,1,0,0,36101.0,0
v022_c_market_batching,30157,False,72143.0,42604.0,1,0,0,29539.0,0
v022_c_market_batching,30158,True,70786.0,46741.0,1,0,0,24045.0,0
v022_c_market_batching,30158,False,52653.0,37278.0,1,0,0,15375.0,0
v022_c_market_batching,30159,True,39453.0,27884.0,1,0,0,11569.0,0
v022_c_market_batching,30159,False,76734.0,48920.0,1,0,0,27814.0,0
v022_c_market_batching,30160,True,49245.0,18914.0,1,0,0,30331.0,0
v022_c_market_batching,30160,False,46713.0,34054.0,1,0,0,12659.0,0
v022_c_market_batching,30161,True,54201.0,27247.0,1,0,0,26954.0,0
v022_c_market_batching,30161,False,76740.0,44269.0,1,0,0,32471.0,0
v022_c_market_batching,30162,True,58702.0,37847.0,1,0,0,20855.0,0
v022_c_market_batching,30162,False,61624.0,51067.0,1,0,0,10557.0,0
v022_c_market_batching,30163,True,46837.0,36156.0,1,0,0,10681.0,0
v022_c_market_batching,30163,False,56262.0,33221.0,1,0,0,23041.0,0
v022_c_market_batching,30164,True,83810.0,47026.0,1,0,0,36784.0,0
v022_c_market_batching,30164,False,62859.0,29250.0,1,0,0,33609.0,0
v022_c_market_batching,30165,True,34567.0,21403.0,1,0,0,13164.0,0
v022_c_market_batching,30165,False,29767.0,18975.0,1,0,0,10792.0,0
v022_c_market_batching,30166,True,83237.0,32145.0,1,0,0,51092.0,0
v022_c_market_batching,30166,False,78349.0,40021.0,1,0,0,38328.0,0
v022_c_market_batching,30167,True,77872.0,35498.0,1,0,0,42374.0,0
v022_c_market_batching,30167,False,80035.0,36618.0,1,0,0,43417.0,0
v022_c_market_batching,30168,True,54272.0,30430.0,1,0,0,23842.0,0
v022_c_market_batching,30168,False,83233.0,49766.0,1,0,0,33467.0,0
v022_c_market_batching,30169,True,77283.0,37759.0,1,0,0,39524.0,0
v022_c_market_batching,30169,False,104139.0,83025.0,1,0,0,21114.0,0
v022_c_market_batching,30170,True,88559.0,45401.0,1,0,0,43158.0,0
v022_c_market_batching,30170,False,100336.0,56942.0,1,0,0,43394.0,0
v022_c_market_batching,30171,True,51898.0,20975.0,1,0,0,30923.0,0
v022_c_market_batching,30171,False,68305.0,32876.0,1,0,0,35429.0,0
v022_c_market_batching,30172,True,87275.0,65360.0,1,0,0,21915.0,0
v022_c_market_batching,30172,False,85597.0,47348.0,1,0,0,38249.0,0
v022_c_market_batching,30173,True,55576.0,43890.0,1,0,0,11686.0,0
v022_c_market_batching,30173,False,64413.0,50808.0,1,0,0,13605.0,0
v022_c_market_batching,30174,True,90661.0,53546.0,1,0,0,37115.0,0
v022_c_market_batching,30174,False,91892.0,43754.0,1,0,0,48138.0,0
v022_c_market_batching,30175,True,99779.0,59140.0,1,0,0,40639.0,0
v022_c_market_batching,30175,False,106314.0,60349.0,1,0,0,45965.0,0
v022_c_market_batching,30176,True,55856.0,34005.0,1,0,0,21851.0,0
v022_c_market_batching,30176,False,55364.0,37991.0,1,0,0,17373.0,0
v022_c_market_batching,30177,True,98079.0,67248.0,1,0,0,30831.0,0
v022_c_market_batching,30177,False,60386.0,19791.0,1,0,0,40595.0,0
v022_c_market_batching,30178,True,61782.0,27535.0,1,0,0,34247.0,0
v022_c_market_batching,30178,False,55876.0,32707.0,1,0,0,23169.0,0
v022_c_market_batching,30179,True,57249.0,43244.0,1,0,0,14005.0,0
v022_c_market_batching,30179,False,59580.0,42080.0,1,0,0,17500.0,0
v022_c_market_batching,30180,True,75304.0,33151.0,1,0,0,42153.0,0
v022_c_market_batching,30180,False,58769.0,26314.0,1,0,0,32455.0,0
v022_c_market_batching,30181,True,100695.0,57360.0,1,0,0,43335.0,0
v022_c_market_batching,30181,False,103267.0,55030.0,1,0,0,48237.0,0
v022_c_market_batching,30182,True,58665.0,37501.0,1,0,0,21164.0,0
v022_c_market_batching,30182,False,45057.0,23387.0,1,0,0,21670.0,0
v022_c_market_batching,30183,True,82786.0,47242.0,1,0,0,35544.0,0
v022_c_market_batching,30183,False,74308.0,49103.0,1,0,0,25205.0,0
v022_c_market_batching,30184,True,42523.0,17251.0,1,0,0,25272.0,0
v022_c_market_batching,30184,False,47828.0,16167.0,1,0,0,31661.0,0
v022_c_market_batching,30185,True,72608.0,35742.0,1,0,0,36866.0,0
v022_c_market_batching,30185,False,66547.0,25478.0,1,0,0,41069.0,0
v022_c_market_batching,30186,True,79593.0,42667.0,1,0,0,36926.0,0
v022_c_market_batching,30186,False,83982.0,35882.0,1,0,0,48100.0,0
v022_c_market_batching,30187,True,50081.0,35128.0,1,0,0,14953.0,0
v022_c_market_batching,30187,False,42994.0,29831.0,1,0,0,13163.0,0
v022_c_market_batching,30188,True,45113.0,28357.0,1,0,0,16756.0,0
v022_c_market_batching,30188,False,44299.0,27201.0,1,0,0,17098.0,0
v022_c_market_batching,30189,True,55659.0,36155.0,1,0,0,19504.0,0
v022_c_market_batching,30189,False,81871.0,51414.0,1,0,0,30457.0,0
v022_c_market_batching,30190,True,68864.0,54450.0,1,0,0,14414.0,0
v022_c_market_batching,30190,False,63049.0,34779.0,1,0,0,28270.0,0
v022_c_market_batching,30191,True,58205.0,42301.0,1,0,0,15904.0,0
v022_c_market_batching,30191,False,51613.0,36713.0,1,0,0,14900.0,0
v022_c_market_batching,30192,True,95218.0,52737.0,1,0,0,42481.0,0
v022_c_market_batching,30192,False,92263.0,59669.0,1,0,0,32594.0,0
v022_c_market_batching,30193,True,98537.0,66909.0,1,0,0,31628.0,0
v022_c_market_batching,30193,False,97705.0,46586.0,1,0,0,51119.0,0
v022_c_market_batching,30194,True,89659.0,51839.0,1,0,0,37820.0,0
v022_c_market_batching,30194,False,85137.0,49725.0,1,0,0,35412.0,0
v022_c_market_batching,30195,True,62497.0,41306.0,1,0,0,21191.0,0
v022_c_market_batching,30195,False,65997.0,55060.0,1,0,0,10937.0,0
v022_c_market_batching,30196,True,63790.0,54839.0,1,0,0,8951.0,0
v022_c_market_batching,30196,False,58016.0,37754.0,1,0,0,20262.0,0
v022_c_market_batching,30197,True,80897.0,47904.0,1,0,0,32993.0,0
v022_c_market_batching,30197,False,94904.0,44298.0,1,0,0,50606.0,0
v022_c_market_batching,30198,True,55833.0,29559.0,1,0,0,26274.0,0
v022_c_market_batching,30198,False,54272.0,25005.0,1,0,0,29267.0,0
v022_c_market_batching,30199,True,59364.0,43514.0,1,0,0,15850.0,0
v022_c_market_batching,30199,False,65095.0,22188.0,1,0,0,42907.0,0
v022_c_market_batching,30200,True,67244.0,42903.0,1,0,0,24341.0,0
v022_c_market_batching,30200,False,90049.0,39687.0,1,0,0,50362.0,0
v022_c_market_batching,30201,True,90026.0,52956.0,1,0,0,37070.0,0
v022_c_market_batching,30201,False,60737.0,46539.0,1,0,0,14198.0,0
v022_c_market_batching,30202,True,47330.0,43979.0,1,0,0,3351.0,0
v022_c_market_batching,30202,False,75157.0,41592.0,1,0,0,33565.0,0
v022_c_market_batching,30203,True,83892.0,27489.0,1,0,0,56403.0,0
v022_c_market_batching,30203,False,81999.0,35927.0,1,0,0,46072.0,0
v022_c_market_batching,30204,True,37299.0,12633.0,1,0,0,24666.0,0
v022_c_market_batching,30204,False,37369.0,11221.0,1,0,0,26148.0,0
v022_c_market_batching,30205,True,47079.0,27485.0,1,0,0,19594.0,0
v022_c_market_batching,30205,False,51687.0,24629.0,1,0,0,27058.0,0
v022_c_market_batching,30206,True,52989.0,30985.0,1,0,0,22004.0,0
v022_c_market_batching,30206,False,48849.0,29917.0,1,0,0,18932.0,0
v022_c_market_batching,30207,True,86185.0,57860.0,1,0,0,28325.0,0
v022_c_market_batching,30207,False,71321.0,35439.0,1,0,0,35882.0,0
v022_c_market_batching,30208,True,75135.0,31500.0,1,0,0,43635.0,0
v022_c_market_batching,30208,False,82567.0,47706.0,1,0,0,34861.0,0
v022_c_market_batching,30209,True,88429.0,55392.0,1,0,0,33037.0,0
v022_c_market_batching,30209,False,86727.0,40662.0,1,0,0,46065.0,0
v022_c_market_batching,30210,True,66839.0,32496.0,1,0,0,34343.0,0
v022_c_market_batching,30210,False,41242.0,19643.0,1,0,0,21599.0,0
v022_c_market_batching,30211,True,57340.0,40935.0,1,0,0,16405.0,0
v022_c_market_batching,30211,False,50001.0,41068.0,1,0,0,8933.0,0
v022_c_market_batching,30212,True,60384.0,19088.0,1,0,0,41296.0,0
v022_c_market_batching,30212,False,88484.0,43838.0,1,0,0,44646.0,0
v022_c_market_batching,30213,True,98841.0,52012.0,1,0,0,46829.0,0
v022_c_market_batching,30213,False,103332.0,60000.0,1,0,0,43332.0,0
v022_c_market_batching,30214,True,80398.0,36616.0,1,0,0,43782.0,0
v022_c_market_batching,30214,False,80307.0,42177.0,1,0,0,38130.0,0
v022_c_market_batching,30215,True,93590.0,62900.0,1,0,0,30690.0,0
v022_c_market_batching,30215,False,88703.0,49101.0,1,0,0,39602.0,0
v022_c_market_batching,30216,True,61753.0,27824.0,1,0,0,33929.0,0
v022_c_market_batching,30216,False,50254.0,24612.0,1,0,0,25642.0,0
v022_c_market_batching,30217,True,61216.0,43248.0,1,0,0,17968.0,0
v022_c_market_batching,30217,False,61658.0,35860.0,1,0,0,25798.0,0
v022_c_market_batching,30218,True,88525.0,44162.0,1,0,0,44363.0,0
v022_c_market_batching,30218,False,84543.0,47728.0,1,0,0,36815.0,0
v022_c_market_batching,30219,True,49910.0,29705.0,1,0,0,20205.0,0
v022_c_market_batching,30219,False,72128.0,52439.0,1,0,0,19689.0,0
v022_c_market_batching,30220,True,87759.0,37520.0,1,0,0,50239.0,0
v022_c_market_batching,30220,False,87478.0,31217.0,1,0,0,56261.0,0
v022_c_market_batching,30221,True,50395.0,22932.0,1,0,0,27463.0,0
v022_c_market_batching,30221,False,53049.0,19272.0,1,0,0,33777.0,0
v022_c_market_batching,30222,True,60510.0,35448.0,1,0,0,25062.0,0
v022_c_market_batching,30222,False,48786.0,29176.0,1,0,0,19610.0,0
v022_c_market_batching,30223,True,88376.0,58034.0,1,0,0,30342.0,0
v022_c_market_batching,30223,False,66084.0,39042.0,1,0,0,27042.0,0
v022_c_market_batching,30224,True,26798.0,11919.0,1,0,0,14879.0,0
v022_c_market_batching,30224,False,37935.0,22199.0,1,0,0,15736.0,0
v022_c_market_batching,30225,True,58943.0,26945.0,1,0,0,31998.0,0
v022_c_market_batching,30225,False,70495.0,31161.0,1,0,0,39334.0,0
v022_c_market_batching,30226,True,87826.0,36299.0,1,0,0,51527.0,0
v022_c_market_batching,30226,False,90775.0,54879.0,1,0,0,35896.0,0
v022_c_market_batching,30227,True,92621.0,52168.0,1,0,0,40453.0,0
v022_c_market_batching,30227,False,92210.0,61004.0,1,0,0,31206.0,0
v022_c_market_batching,30228,True,97056.0,61361.0,1,0,0,35695.0,0
v022_c_market_batching,30228,False,61630.0,45580.0,1,0,0,16050.0,0
v022_c_market_batching,30229,True,90137.0,57314.0,1,0,0,32823.0,0
v022_c_market_batching,30229,False,98326.0,62045.0,1,0,0,36281.0,0
v022_c_market_batching,30230,True,48269.0,23455.0,1,0,0,24814.0,0
v022_c_market_batching,30230,False,51439.0,24060.0,1,0,0,27379.0,0
v022_c_market_batching,30231,True,57934.0,38445.0,1,0,0,19489.0,0
v022_c_market_batching,30231,False,57877.0,32750.0,1,0,0,25127.0,0
v022_c_market_batching,30232,True,92970.0,55456.0,1,0,0,37514.0,0
v022_c_market_batching,30232,False,63887.0,34740.0,1,0,0,29147.0,0
v022_c_market_batching,30233,True,79963.0,52980.0,1,0,0,26983.0,0
v022_c_market_batching,30233,False,92887.0,51997.0,1,0,0,40890.0,0
v022_c_market_batching,30234,True,93258.0,46696.0,1,0,0,46562.0,0
v022_c_market_batching,30234,False,87004.0,62708.0,1,0,0,24296.0,0
v022_c_market_batching,30235,True,82724.0,65350.0,1,0,0,17374.0,0
v022_c_market_batching,30235,False,60006.0,46166.0,1,0,0,13840.0,0
v022_c_market_batching,30236,True,51463.0,30750.0,1,0,0,20713.0,0
v022_c_market_batching,30236,False,50617.0,24237.0,1,0,0,26380.0,0
v022_c_market_batching,30237,True,101230.0,71825.0,1,0,0,29405.0,0
v022_c_market_batching,30237,False,95539.0,60964.0,1,0,0,34575.0,0
v022_c_market_batching,30238,True,37772.0,22133.0,1,0,0,15639.0,0
v022_c_market_batching,30238,False,56520.0,34957.0,1,0,0,21563.0,0
v022_c_market_batching,30239,True,61919.0,34856.0,1,0,0,27063.0,0
v022_c_market_batching,30239,False,39777.0,20397.0,1,0,0,19380.0,0
v022_c_market_batching,30240,True,94707.0,68264.0,1,0,0,26443.0,0
v022_c_market_batching,30240,False,98361.0,60500.0,1,0,0,37861.0,0
v022_c_market_batching,30241,True,35751.0,6303.0,1,0,0,29448.0,0
v022_c_market_batching,30241,False,74244.0,37113.0,1,0,0,37131.0,0
v022_c_market_batching,30242,True,52522.0,19625.0,1,0,0,32897.0,0
v022_c_market_batching,30242,False,42901.0,17588.0,1,0,0,25313.0,0
v022_c_market_batching,30243,True,65912.0,38254.0,1,0,0,27658.0,0
v022_c_market_batching,30243,False,62611.0,36715.0,1,0,0,25896.0,0
v022_c_market_batching,30244,True,40686.0,19493.0,1,0,0,21193.0,0
v022_c_market_batching,30244,False,62783.0,37918.0,1,0,0,24865.0,0
v022_c_market_batching,30245,True,34503.0,21548.0,1,0,0,12955.0,0
v022_c_market_batching,30245,False,68248.0,44281.0,1,0,0,23967.0,0
v022_c_market_batching,30246,True,90495.0,50094.0,1,0,0,40401.0,0
v022_c_market_batching,30246,False,63010.0,30707.0,1,0,0,32303.0,0
v022_c_market_batching,30247,True,43075.0,16296.0,1,0,0,26779.0,0
v022_c_market_batching,30247,False,45683.0,14215.0,1,0,0,31468.0,0
v022_c_market_batching,30248,True,80352.0,42566.0,1,0,0,37786.0,0
v022_c_market_batching,30248,False,93477.0,58963.0,1,0,0,34514.0,0
v022_c_market_batching,30249,True,53718.0,23953.0,1,0,0,29765.0,0
v022_c_market_batching,30249,False,70924.0,38687.0,1,0,0,32237.0,0
v022_c_market_batching,30250,True,46171.0,27133.0,1,0,0,19038.0,0
v022_c_market_batching,30250,False,37689.0,15259.0,1,0,0,22430.0,0
v022_c_market_batching,30251,True,83362.0,53070.0,1,0,0,30292.0,0
v022_c_market_batching,30251,False,53651.0,46983.0,1,0,0,6668.0,0
v022_c_market_batching,30252,True,49976.0,35759.0,1,0,0,14217.0,0
v022_c_market_batching,30252,False,70657.0,41494.0,1,0,0,29163.0,0
v022_c_market_batching,30253,True,49711.0,34447.0,1,0,0,15264.0,0
v022_c_market_batching,30253,False,52401.0,51584.0,1,0,0,817.0,0
v022_c_market_batching,30254,True,54547.0,46384.0,1,0,0,8163.0,0
v022_c_market_batching,30254,False,54462.0,47223.0,1,0,0,7239.0,0
v022_c_market_batching,30255,True,83049.0,48996.0,1,0,0,34053.0,0
v022_c_market_batching,30255,False,85047.0,54507.0,1,0,0,30540.0,0
v022_c_market_batching,30256,True,43685.0,22456.0,1,0,0,21229.0,0
v022_c_market_batching,30256,False,55577.0,23108.0,1,0,0,32469.0,0
v022_c_market_batching,30257,True,39985.0,7805.0,1,0,0,32180.0,0
v022_c_market_batching,30257,False,64531.0,19746.0,1,0,0,44785.0,0
v022_c_market_batching,30258,True,50923.0,42927.0,1,0,0,7996.0,0
v022_c_market_batching,30258,False,48307.0,40075.0,1,0,0,8232.0,0
v022_c_market_batching,30259,True,81069.0,43413.0,1,0,0,37656.0,0
v022_c_market_batching,30259,False,73812.0,39142.0,1,0,0,34670.0,0
v022_c_market_batching,30260,True,53334.0,41715.0,1,0,0,11619.0,0
v022_c_market_batching,30260,False,45548.0,36624.0,1,0,0,8924.0,0
v022_c_market_batching,30261,True,62110.0,30720.0,1,0,0,31390.0,0
v022_c_market_batching,30261,False,63801.0,37605.0,1,0,0,26196.0,0
v022_c_market_batching,30262,True,83997.0,48991.0,1,0,0,35006.0,0
v022_c_market_batching,30262,False,76841.0,34758.0,1,0,0,42083.0,0
v022_c_market_batching,30263,True,87624.0,63245.0,1,0,0,24379.0,0
v022_c_market_batching,30263,False,80704.0,56396.0,1,0,0,24308.0,0
v022_c_market_batching,30264,True,83970.0,46101.0,1,0,0,37869.0,0
v022_c_market_batching,30264,False,91133.0,40980.0,1,0,0,50153.0,0
v022_c_market_batching,30265,True,77367.0,35277.0,1,0,0,42090.0,0
v022_c_market_batching,30265,False,67250.0,22310.0,1,0,0,44940.0,0
v022_c_market_batching,30266,True,50650.0,25141.0,1,0,0,25509.0,0
v022_c_market_batching,30266,False,41949.0,21592.0,1,0,0,20357.0,0
v022_c_market_batching,30267,True,37078.0,24146.0,1,0,0,12932.0,0
v022_c_market_batching,30267,False,45528.0,35096.0,1,0,0,10432.0,0
v022_c_market_batching,30268,True,53611.0,33424.0,1,0,0,20187.0,0
v022_c_market_batching,30268,False,64676.0,42960.0,1,0,0,21716.0,0
v022_c_market_batching,30269,True,82803.0,60178.0,1,0,0,22625.0,0
v022_c_market_batching,30269,False,86997.0,56906.0,1,0,0,30091.0,0
v022_c_market_batching,30270,True,35242.0,21949.0,1,0,0,13293.0,0
v022_c_market_batching,30270,False,43004.0,28665.0,1,0,0,14339.0,0
v022_c_market_batching,30271,True,47021.0,23680.0,1,0,0,23341.0,0
v022_c_market_batching,30271,False,89206.0,58408.0,1,0,0,30798.0,0
v022_c_market_batching,30272,True,102899.0,67475.0,1,0,0,35424.0,0
v022_c_market_batching,30272,False,99107.0,73016.0,1,0,0,26091.0,0
v022_c_market_batching,30273,True,85887.0,43190.0,1,0,0,42697.0,0
v022_c_market_batching,30273,False,92734.0,51011.0,1,0,0,41723.0,0
v022_c_market_batching,30274,True,90499.0,56762.0,1,0,0,33737.0,0
v022_c_market_batching,30274,False,89722.0,53398.0,1,0,0,36324.0,0
v022_c_market_batching,30275,True,63224.0,24823.0,1,0,0,38401.0,0
v022_c_market_batching,30275,False,72095.0,42122.0,1,0,0,29973.0,0
v022_c_market_batching,30276,True,43356.0,25874.0,1,0,0,17482.0,0
v022_c_market_batching,30276,False,43173.0,25109.0,1,0,0,18064.0,0
v022_c_market_batching,30277,True,52646.0,39284.0,1,0,0,13362.0,0
v022_c_market_batching,30277,False,43963.0,30139.0,1,0,0,13824.0,0
v022_c_market_batching,30278,True,92609.0,63798.0,1,0,0,28811.0,0
v022_c_market_batching,30278,False,90096.0,55257.0,1,0,0,34839.0,0
v022_c_market_batching,30279,True,89222.0,62230.0,1,0,0,26992.0,0
v022_c_market_batching,30279,False,82188.0,48170.0,1,0,0,34018.0,0
v022_c_market_batching,30280,True,48937.0,28301.0,1,0,0,20636.0,0
v022_c_market_batching,30280,False,43774.0,32745.0,1,0,0,11029.0,0
v022_c_market_batching,30281,True,86158.0,52102.0,1,0,0,34056.0,0
v022_c_market_batching,30281,False,57581.0,29042.0,1,0,0,28539.0,0
v022_c_market_batching,30282,True,38646.0,11745.0,1,0,0,26901.0,0
v022_c_market_batching,30282,False,17111.0,96.0,1,0,0,17015.0,0
v022_c_market_batching,30283,True,44133.0,15988.0,1,0,0,28145.0,0
v022_c_market_batching,30283,False,44320.0,27444.0,1,0,0,16876.0,0
v022_c_market_batching,30284,True,96394.0,46487.0,1,0,0,49907.0,0
v022_c_market_batching,30284,False,97371.0,48462.0,1,0,0,48909.0,0
v022_c_market_batching,30285,True,57925.0,30277.0,1,0,0,27648.0,0
v022_c_market_batching,30285,False,77787.0,36343.0,1,0,0,41444.0,0
v022_c_market_batching,30286,True,88995.0,45728.0,1,0,0,43267.0,0
v022_c_market_batching,30286,False,100502.0,64111.0,1,0,0,36391.0,0
v022_c_market_batching,30287,True,47933.0,22944.0,1,0,0,24989.0,0
v022_c_market_batching,30287,False,95204.0,63700.0,1,0,0,31504.0,0
v022_c_market_batching,30288,True,84601.0,66904.0,1,0,0,17697.0,0
v022_c_market_batching,30288,False,103328.0,69386.0,1,0,0,33942.0,0
v022_c_market_batching,30289,True,87150.0,65966.0,1,0,0,21184.0,0
v022_c_market_batching,30289,False,89756.0,39169.0,1,0,0,50587.0,0
v022_c_market_batching,30290,True,79615.0,45755.0,1,0,0,33860.0,0
v022_c_market_batching,30290,False,50818.0,20922.0,1,0,0,29896.0,0
v022_c_market_batching,30291,True,84534.0,36611.0,1,0,0,47923.0,0
v022_c_market_batching,30291,False,95769.0,63239.0,1,0,0,32530.0,0
v022_c_market_batching,30292,True,85367.0,43990.0,1,0,0,41377.0,0
v022_c_market_batching,30292,False,97127.0,50423.0,1,0,0,46704.0,0
v022_c_market_batching,30293,True,90836.0,47455.0,1,0,0,43381.0,0
v022_c_market_batching,30293,False,96521.0,63157.0,1,0,0,33364.0,0
v022_c_market_batching,30294,True,32700.0,8627.0,1,0,0,24073.0,0
v022_c_market_batching,30294,False,44876.0,17483.0,1,0,0,27393.0,0
v022_c_market_batching,30295,True,53288.0,34494.0,1,0,0,18794.0,0
v022_c_market_batching,30295,False,79698.0,58679.0,1,0,0,21019.0,0
v022_c_market_batching,30296,True,79561.0,46132.0,1,0,0,33429.0,0
v022_c_market_batching,30296,False,57863.0,36283.0,1,0,0,21580.0,0
v022_c_market_batching,30297,True,99434.0,56958.0,1,0,0,42476.0,0
v022_c_market_batching,30297,False,85425.0,46218.0,1,0,0,39207.0,0
v022_c_market_batching,30298,True,40677.0,20246.0,1,0,0,20431.0,0
v022_c_market_batching,30298,False,37481.0,25409.0,1,0,0,12072.0,0
v022_c_market_batching,30299,True,58901.0,27899.0,1,0,0,31002.0,0
v022_c_market_batching,30299,False,78597.0,36765.0,1,0,0,41832.0,0
v020_c_competitive_surgical,40000,True,119974.0,51085.0,1,0,0,68889.0,0
v020_c_competitive_surgical,40000,False,112045.0,51984.0,1,0,0,60061.0,0
v020_c_competitive_surgical,40001,True,73423.0,33092.0,1,0,0,40331.0,0
v020_c_competitive_surgical,40001,False,57959.0,34173.0,1,0,0,23786.0,0
v020_c_competitive_surgical,40002,True,53956.0,25748.0,1,0,0,28208.0,0
v020_c_competitive_surgical,40002,False,92424.0,33510.0,1,0,0,58914.0,0
v020_c_competitive_surgical,40003,True,58086.0,46511.0,1,0,0,11575.0,0
v020_c_competitive_surgical,40003,False,70694.0,38051.0,1,0,0,32643.0,0
v020_c_competitive_surgical,40004,True,99234.0,34945.0,1,0,0,64289.0,0
v020_c_competitive_surgical,40004,False,92832.0,38726.0,1,0,0,54106.0,0
v020_c_competitive_surgical,40005,True,104278.0,51144.0,1,0,0,53134.0,0
v020_c_competitive_surgical,40005,False,105560.0,50099.0,1,0,0,55461.0,0
v020_c_competitive_surgical,40006,True,101163.0,40874.0,1,0,0,60289.0,0
v020_c_competitive_surgical,40006,False,98620.0,34391.0,1,0,0,64229.0,0
v020_c_competitive_surgical,40007,True,88926.0,27471.0,1,0,0,61455.0,0
v020_c_competitive_surgical,40007,False,89876.0,28305.0,1,0,0,61571.0,0
v020_c_competitive_surgical,40008,True,88623.0,50618.0,1,0,0,38005.0,0
v020_c_competitive_surgical,40008,False,79999.0,48922.0,1,0,0,31077.0,0
v020_c_competitive_surgical,40009,True,47820.0,25516.0,1,0,0,22304.0,0
v020_c_competitive_surgical,40009,False,46759.0,24103.0,1,0,0,22656.0,0
v020_c_competitive_surgical,40010,True,111576.0,48927.0,1,0,0,62649.0,0
v020_c_competitive_surgical,40010,False,109355.0,51756.0,1,0,0,57599.0,0
v020_c_competitive_surgical,40011,True,95967.0,37837.0,1,0,0,58130.0,0
v020_c_competitive_surgical,40011,False,99542.0,31666.0,1,0,0,67876.0,0
v020_c_competitive_surgical,40012,True,79261.0,39111.0,1,0,0,40150.0,0
v020_c_competitive_surgical,40012,False,82810.0,21941.0,1,0,0,60869.0,0
v020_c_competitive_surgical,40013,True,102779.0,42474.0,1,0,0,60305.0,0
v020_c_competitive_surgical,40013,False,102937.0,43139.0,1,0,0,59798.0,0
v020_c_competitive_surgical,40014,True,97206.0,40800.0,1,0,0,56406.0,0
v020_c_competitive_surgical,40014,False,99484.0,42465.0,1,0,0,57019.0,0
v020_c_competitive_surgical,40015,True,105665.0,49497.0,1,0,0,56168.0,0
v020_c_competitive_surgical,40015,False,105665.0,49497.0,1,0,0,56168.0,0
v020_c_competitive_surgical,40016,True,49633.0,29283.0,1,0,0,20350.0,0
v020_c_competitive_surgical,40016,False,57510.0,37948.0,1,0,0,19562.0,0
v020_c_competitive_surgical,40017,True,51827.0,28850.0,1,0,0,22977.0,0
v020_c_competitive_surgical,40017,False,54908.0,34672.0,1,0,0,20236.0,0
v020_c_competitive_surgical,40018,True,104529.0,42261.0,1,0,0,62268.0,0
v020_c_competitive_surgical,40018,False,107171.0,42246.0,1,0,0,64925.0,0
v020_c_competitive_surgical,40019,True,103144.0,41274.0,1,0,0,61870.0,0
v020_c_competitive_surgical,40019,False,96617.0,48562.0,1,0,0,48055.0,0
v020_c_competitive_surgical,40020,True,52742.0,29449.0,1,0,0,23293.0,0
v020_c_competitive_surgical,40020,False,52881.0,31490.0,1,0,0,21391.0,0
v020_c_competitive_surgical,40021,True,82833.0,45339.0,1,0,0,37494.0,0
v020_c_competitive_surgical,40021,False,77587.0,45909.0,1,0,0,31678.0,0
v020_c_competitive_surgical,40022,True,97451.0,41528.0,1,0,0,55923.0,0
v020_c_competitive_surgical,40022,False,97626.0,41549.0,1,0,0,56077.0,0
v020_c_competitive_surgical,40023,True,60616.0,48611.0,1,0,0,12005.0,0
v020_c_competitive_surgical,40023,False,58981.0,52261.0,1,0,0,6720.0,0
v020_c_competitive_surgical,40024,True,104673.0,52290.0,1,0,0,52383.0,0
v020_c_competitive_surgical,40024,False,100418.0,44023.0,1,0,0,56395.0,0
v020_c_competitive_surgical,40025,True,90095.0,44932.0,1,0,0,45163.0,0
v020_c_competitive_surgical,40025,False,78827.0,38289.0,1,0,0,40538.0,0
v020_c_competitive_surgical,40026,True,95243.0,34921.0,1,0,0,60322.0,0
v020_c_competitive_surgical,40026,False,97933.0,36030.0,1,0,0,61903.0,0
v020_c_competitive_surgical,40027,True,62023.0,47661.0,1,0,0,14362.0,0
v020_c_competitive_surgical,40027,False,59265.0,47176.0,1,0,0,12089.0,0
v020_c_competitive_surgical,40028,True,39807.0,21543.0,1,0,0,18264.0,0
v020_c_competitive_surgical,40028,False,61086.0,35943.0,1,0,0,25143.0,0
v020_c_competitive_surgical,40029,True,102496.0,49526.0,1,0,0,52970.0,0
v020_c_competitive_surgical,40029,False,101938.0,48852.0,1,0,0,53086.0,0
v020_c_competitive_surgical,40030,True,89779.0,44871.0,1,0,0,44908.0,0
v020_c_competitive_surgical,40030,False,75394.0,45972.0,1,0,0,29422.0,0
v020_c_competitive_surgical,40031,True,98944.0,41117.0,1,0,0,57827.0,0
v020_c_competitive_surgical,40031,False,106384.0,46996.0,1,0,0,59388.0,0
v020_c_competitive_surgical,40032,True,97453.0,42845.0,1,0,0,54608.0,0
v020_c_competitive_surgical,40032,False,87664.0,46143.0,1,0,0,41521.0,0
v020_c_competitive_surgical,40033,True,105357.0,42229.0,1,0,0,63128.0,0
v020_c_competitive_surgical,40033,False,102993.0,41853.0,1,0,0,61140.0,0
v020_c_competitive_surgical,40034,True,108196.0,49913.0,1,0,0,58283.0,0
v020_c_competitive_surgical,40034,False,108100.0,47873.0,1,0,0,60227.0,0
v020_c_competitive_surgical,40035,True,98787.0,45924.0,1,0,0,52863.0,0
v020_c_competitive_surgical,40035,False,104302.0,46765.0,1,0,0,57537.0,0
v020_c_competitive_surgical,40036,True,99660.0,46059.0,1,0,0,53601.0,0
v020_c_competitive_surgical,40036,False,99441.0,43853.0,1,0,0,55588.0,0
v020_c_competitive_surgical,40037,True,95821.0,40985.0,1,0,0,54836.0,0
v020_c_competitive_surgical,40037,False,96091.0,42820.0,1,0,0,53271.0,0
v020_c_competitive_surgical,40038,True,55947.0,41141.0,1,0,0,14806.0,0
v020_c_competitive_surgical,40038,False,63365.0,46015.0,1,0,0,17350.0,0
v020_c_competitive_surgical,40039,True,94527.0,42597.0,1,0,0,51930.0,0
v020_c_competitive_surgical,40039,False,111599.0,45241.0,1,0,0,66358.0,0
v020_c_competitive_surgical,40040,True,56927.0,18413.0,1,0,0,38514.0,0
v020_c_competitive_surgical,40040,False,39148.0,12470.0,1,0,0,26678.0,0
v020_c_competitive_surgical,40041,True,69528.0,37229.0,1,0,0,32299.0,0
v020_c_competitive_surgical,40041,False,71966.0,35222.0,1,0,0,36744.0,0
v020_c_competitive_surgical,40042,True,107250.0,49591.0,1,0,0,57659.0,0
v020_c_competitive_surgical,40042,False,107906.0,48568.0,1,0,0,59338.0,0
v020_c_competitive_surgical,40043,True,101181.0,42196.0,1,0,0,58985.0,0
v020_c_competitive_surgical,40043,False,107591.0,44981.0,1,0,0,62610.0,0
v020_c_competitive_surgical,40044,True,92063.0,46731.0,1,0,0,45332.0,0
v020_c_competitive_surgical,40044,False,71349.0,43986.0,1,0,0,27363.0,0
v020_c_competitive_surgical,40045,True,85648.0,49770.0,1,0,0,35878.0,0
v020_c_competitive_surgical,40045,False,104607.0,45455.0,1,0,0,59152.0,0
v020_c_competitive_surgical,40046,True,106065.0,45734.0,1,0,0,60331.0,0
v020_c_competitive_surgical,40046,False,110827.0,47714.0,1,0,0,63113.0,0
v020_c_competitive_surgical,40047,True,89305.0,31800.0,1,0,0,57505.0,0
v020_c_competitive_surgical,40047,False,79359.0,31660.0,1,0,0,47699.0,0
v020_c_competitive_surgical,40048,True,91043.0,36622.0,1,0,0,54421.0,0
v020_c_competitive_surgical,40048,False,90499.0,38048.0,1,0,0,52451.0,0
v020_c_competitive_surgical,40049,True,63584.0,23707.0,1,0,0,39877.0,0
v020_c_competitive_surgical,40049,False,76807.0,31490.0,1,0,0,45317.0,0
v020_c_competitive_surgical,40050,True,100086.0,47952.0,1,0,0,52134.0,0
v020_c_competitive_surgical,40050,False,104697.0,46728.0,1,0,0,57969.0,0
v020_c_competitive_surgical,40051,True,101076.0,51036.0,1,0,0,50040.0,0
v020_c_competitive_surgical,40051,False,98749.0,52569.0,1,0,0,46180.0,0
v020_c_competitive_surgical,40052,True,106788.0,42564.0,1,0,0,64224.0,0
v020_c_competitive_surgical,40052,False,112986.0,43261.0,1,0,0,69725.0,0
v020_c_competitive_surgical,40053,True,102801.0,31829.0,1,0,0,70972.0,0
v020_c_competitive_surgical,40053,False,87053.0,41917.0,1,0,0,45136.0,0
v020_c_competitive_surgical,40054,True,92018.0,42183.0,1,0,0,49835.0,0
v020_c_competitive_surgical,40054,False,82486.0,45689.0,1,0,0,36797.0,0
v020_c_competitive_surgical,40055,True,102821.0,39677.0,1,0,0,63144.0,0
v020_c_competitive_surgical,40055,False,101251.0,44657.0,1,0,0,56594.0,0
v020_c_competitive_surgical,40056,True,93371.0,34119.0,1,0,0,59252.0,0
v020_c_competitive_surgical,40056,False,79029.0,33969.0,1,0,0,45060.0,0
v020_c_competitive_surgical,40057,True,94265.0,44796.0,1,0,0,49469.0,0
v020_c_competitive_surgical,40057,False,93052.0,47893.0,1,0,0,45159.0,0
v020_c_competitive_surgical,40058,True,49266.0,38046.0,1,0,0,11220.0,0
v020_c_competitive_surgical,40058,False,67300.0,39178.0,1,0,0,28122.0,0
v020_c_competitive_surgical,40059,True,111258.0,43876.0,1,0,0,67382.0,0
v020_c_competitive_surgical,40059,False,108325.0,44203.0,1,0,0,64122.0,0
v020_c_competitive_surgical,40060,True,82033.0,53403.0,1,0,0,28630.0,0
v020_c_competitive_surgical,40060,False,82146.0,53160.0,1,0,0,28986.0,0
v020_c_competitive_surgical,40061,True,84744.0,41651.0,1,0,0,43093.0,0
v020_c_competitive_surgical,40061,False,78402.0,42225.0,1,0,0,36177.0,0
v020_c_competitive_surgical,40062,True,92816.0,32979.0,1,0,0,59837.0,0
v020_c_competitive_surgical,40062,False,104113.0,44528.0,1,0,0,59585.0,0
v020_c_competitive_surgical,40063,True,77508.0,45727.0,1,0,0,31781.0,0
v020_c_competitive_surgical,40063,False,90504.0,42349.0,1,0,0,48155.0,0
v020_c_competitive_surgical,40064,True,106025.0,54208.0,1,0,0,51817.0,0
v020_c_competitive_surgical,40064,False,104432.0,54876.0,1,0,0,49556.0,0
v020_c_competitive_surgical,40065,True,65972.0,14338.0,1,0,0,51634.0,0
v020_c_competitive_surgical,40065,False,74120.0,13989.0,1,0,0,60131.0,0
v020_c_competitive_surgical,40066,True,99682.0,43428.0,1,0,0,56254.0,0
v020_c_competitive_surgical,40066,False,99395.0,40218.0,1,0,0,59177.0,0
v020_c_competitive_surgical,40067,True,96661.0,38564.0,1,0,0,58097.0,0
v020_c_competitive_surgical,40067,False,91369.0,28686.0,1,0,0,62683.0,0
v020_c_competitive_surgical,40068,True,107874.0,41650.0,1,0,0,66224.0,0
v020_c_competitive_surgical,40068,False,106196.0,46170.0,1,0,0,60026.0,0
v020_c_competitive_surgical,40069,True,113672.0,45648.0,1,0,0,68024.0,0
v020_c_competitive_surgical,40069,False,115535.0,48681.0,1,0,0,66854.0,0
v020_c_competitive_surgical,40070,True,99894.0,40119.0,1,0,0,59775.0,0
v020_c_competitive_surgical,40070,False,102205.0,47257.0,1,0,0,54948.0,0
v020_c_competitive_surgical,40071,True,110691.0,48178.0,1,0,0,62513.0,0
v020_c_competitive_surgical,40071,False,116076.0,47952.0,1,0,0,68124.0,0
v020_c_competitive_surgical,40072,True,60368.0,42364.0,1,0,0,18004.0,0
v020_c_competitive_surgical,40072,False,62617.0,44298.0,1,0,0,18319.0,0
v020_c_competitive_surgical,40073,True,90564.0,37254.0,1,0,0,53310.0,0
v020_c_competitive_surgical,40073,False,89748.0,40577.0,1,0,0,49171.0,0
v020_c_competitive_surgical,40074,True,104260.0,45438.0,1,0,0,58822.0,0
v020_c_competitive_surgical,40074,False,106714.0,46891.0,1,0,0,59823.0,0
v020_c_competitive_surgical,40075,True,71095.0,19344.0,1,0,0,51751.0,0
v020_c_competitive_surgical,40075,False,71511.0,19901.0,1,0,0,51610.0,0
v020_c_competitive_surgical,40076,True,103641.0,40325.0,1,0,0,63316.0,0
v020_c_competitive_surgical,40076,False,104888.0,45801.0,1,0,0,59087.0,0
v020_c_competitive_surgical,40077,True,104001.0,37449.0,1,0,0,66552.0,0
v020_c_competitive_surgical,40077,False,112006.0,50378.0,1,0,0,61628.0,0
v020_c_competitive_surgical,40078,True,50532.0,36043.0,1,0,0,14489.0,0
v020_c_competitive_surgical,40078,False,46545.0,20847.0,1,0,0,25698.0,0
v020_c_competitive_surgical,40079,True,85744.0,40791.0,1,0,0,44953.0,0
v020_c_competitive_surgical,40079,False,92014.0,36437.0,1,0,0,55577.0,0
v020_c_competitive_surgical,40080,True,93509.0,30474.0,1,0,0,63035.0,0
v020_c_competitive_surgical,40080,False,93438.0,24668.0,1,0,0,68770.0,0
v020_c_competitive_surgical,40081,True,95628.0,29635.0,1,0,0,65993.0,0
v020_c_competitive_surgical,40081,False,94856.0,28338.0,1,0,0,66518.0,0
v020_c_competitive_surgical,40082,True,65090.0,14598.0,1,0,0,50492.0,0
v020_c_competitive_surgical,40082,False,73758.0,15016.0,1,0,0,58742.0,0
v020_c_competitive_surgical,40083,True,98130.0,49405.0,1,0,0,48725.0,0
v020_c_competitive_surgical,40083,False,91311.0,49990.0,1,0,0,41321.0,0
v020_c_competitive_surgical,40084,True,88807.0,52247.0,1,0,0,36560.0,0
v020_c_competitive_surgical,40084,False,96661.0,51599.0,1,0,0,45062.0,0
v020_c_competitive_surgical,40085,True,65581.0,43494.0,1,0,0,22087.0,0
v020_c_competitive_surgical,40085,False,59877.0,43470.0,1,0,0,16407.0,0
v020_c_competitive_surgical,40086,True,90138.0,46476.0,1,0,0,43662.0,0
v020_c_competitive_surgical,40086,False,58893.0,47015.0,1,0,0,11878.0,0
v020_c_competitive_surgical,40087,True,104032.0,43678.0,1,0,0,60354.0,0
v020_c_competitive_surgical,40087,False,101156.0,43627.0,1,0,0,57529.0,0
v020_c_competitive_surgical,40088,True,86698.0,39122.0,1,0,0,47576.0,0
v020_c_competitive_surgical,40088,False,94869.0,39591.0,1,0,0,55278.0,0
v020_c_competitive_surgical,40089,True,79334.0,48086.0,1,0,0,31248.0,0
v020_c_competitive_surgical,40089,False,75152.0,49064.0,1,0,0,26088.0,0
v020_c_competitive_surgical,40090,True,107983.0,48834.0,1,0,0,59149.0,0
v020_c_competitive_surgical,40090,False,105875.0,51414.0,1,0,0,54461.0,0
v020_c_competitive_surgical,40091,True,75440.0,40458.0,1,0,0,34982.0,0
v020_c_competitive_surgical,40091,False,51897.0,33148.0,1,0,0,18749.0,0
v020_c_competitive_surgical,40092,True,34498.0,9873.0,1,0,0,24625.0,0
v020_c_competitive_surgical,40092,False,34569.0,10617.0,1,0,0,23952.0,0
v020_c_competitive_surgical,40093,True,98717.0,32818.0,1,0,0,65899.0,0
v020_c_competitive_surgical,40093,False,98673.0,31253.0,1,0,0,67420.0,0
v020_c_competitive_surgical,40094,True,103490.0,43462.0,1,0,0,60028.0,0
v020_c_competitive_surgical,40094,False,104125.0,42924.0,1,0,0,61201.0,0
v020_c_competitive_surgical,40095,True,94319.0,38545.0,1,0,0,55774.0,0
v020_c_competitive_surgical,40095,False,95221.0,36504.0,1,0,0,58717.0,0
v020_c_competitive_surgical,40096,True,99395.0,45257.0,1,0,0,54138.0,0
v020_c_competitive_surgical,40096,False,97911.0,46175.0,1,0,0,51736.0,0
v020_c_competitive_surgical,40097,True,112392.0,48763.0,1,0,0,63629.0,0
v020_c_competitive_surgical,40097,False,110135.0,49008.0,1,0,0,61127.0,0
v020_c_competitive_surgical,40098,True,91079.0,40335.0,1,0,0,50744.0,0
v020_c_competitive_surgical,40098,False,86589.0,42427.0,1,0,0,44162.0,0
v020_c_competitive_surgical,40099,True,107154.0,46555.0,1,0,0,60599.0,0
v020_c_competitive_surgical,40099,False,52346.0,38407.0,1,0,0,13939.0,0
v020_c_competitive_surgical,40100,True,79564.0,40207.0,1,0,0,39357.0,0
v020_c_competitive_surgical,40100,False,94074.0,42365.0,1,0,0,51709.0,0
v020_c_competitive_surgical,40101,True,101214.0,48817.0,1,0,0,52397.0,0
v020_c_competitive_surgical,40101,False,101891.0,52206.0,1,0,0,49685.0,0
v020_c_competitive_surgical,40102,True,117087.0,49056.0,1,0,0,68031.0,0
v020_c_competitive_surgical,40102,False,106369.0,51031.0,1,0,0,55338.0,0
v020_c_competitive_surgical,40103,True,88970.0,48737.0,1,0,0,40233.0,0
v020_c_competitive_surgical,40103,False,84344.0,51023.0,1,0,0,33321.0,0
v020_c_competitive_surgical,40104,True,78347.0,48615.0,1,0,0,29732.0,0
v020_c_competitive_surgical,40104,False,75061.0,46318.0,1,0,0,28743.0,0
v020_c_competitive_surgical,40105,True,109613.0,42815.0,1,0,0,66798.0,0
v020_c_competitive_surgical,40105,False,108978.0,54971.0,1,0,0,54007.0,0
v020_c_competitive_surgical,40106,True,62603.0,30168.0,1,0,0,32435.0,0
v020_c_competitive_surgical,40106,False,66817.0,34284.0,1,0,0,32533.0,0
v020_c_competitive_surgical,40107,True,101902.0,45783.0,1,0,0,56119.0,0
v020_c_competitive_surgical,40107,False,102829.0,45383.0,1,0,0,57446.0,0
v020_c_competitive_surgical,40108,True,61945.0,47113.0,1,0,0,14832.0,0
v020_c_competitive_surgical,40108,False,55409.0,43655.0,1,0,0,11754.0,0
v020_c_competitive_surgical,40109,True,117544.0,52067.0,1,0,0,65477.0,0
v020_c_competitive_surgical,40109,False,116020.0,52525.0,1,0,0,63495.0,0
v020_c_competitive_surgical,40110,True,93081.0,30561.0,1,0,0,62520.0,0
v020_c_competitive_surgical,40110,False,100970.0,40827.0,1,0,0,60143.0,0
v020_c_competitive_surgical,40111,True,90602.0,32422.0,1,0,0,58180.0,0
v020_c_competitive_surgical,40111,False,90310.0,28109.0,1,0,0,62201.0,0
v020_c_competitive_surgical,40112,True,76377.0,31142.0,1,0,0,45235.0,0
v020_c_competitive_surgical,40112,False,82815.0,38510.0,1,0,0,44305.0,0
v020_c_competitive_surgical,40113,True,95150.0,41883.0,1,0,0,53267.0,0
v020_c_competitive_surgical,40113,False,96735.0,35447.0,1,0,0,61288.0,0
v020_c_competitive_surgical,40114,True,69689.0,48377.0,1,0,0,21312.0,0
v020_c_competitive_surgical,40114,False,63395.0,43898.0,1,0,0,19497.0,0
v020_c_competitive_surgical,40115,True,86035.0,27222.0,1,0,0,58813.0,0
v020_c_competitive_surgical,40115,False,83726.0,35378.0,1,0,0,48348.0,0
v020_c_competitive_surgical,40116,True,101091.0,44645.0,1,0,0,56446.0,0
v020_c_competitive_surgical,40116,False,99527.0,50170.0,1,0,0,49357.0,0
v020_c_competitive_surgical,40117,True,97995.0,35604.0,1,0,0,62391.0,0
v020_c_competitive_surgical,40117,False,89035.0,32463.0,1,0,0,56572.0,0
v020_c_competitive_surgical,40118,True,59169.0,45108.0,1,0,0,14061.0,0
v020_c_competitive_surgical,40118,False,68139.0,45030.0,1,0,0,23109.0,0
v020_c_competitive_surgical,40119,True,56081.0,23677.0,1,0,0,32404.0,0
v020_c_competitive_surgical,40119,False,67428.0,35445.0,1,0,0,31983.0,0
v020_c_competitive_surgical,40120,True,106893.0,44051.0,1,0,0,62842.0,0
v020_c_competitive_surgical,40120,False,109410.0,43480.0,1,0,0,65930.0,0
v020_c_competitive_surgical,40121,True,83041.0,41801.0,1,0,0,41240.0,0
v020_c_competitive_surgical,40121,False,79901.0,40809.0,1,0,0,39092.0,0
v020_c_competitive_surgical,40122,True,85812.0,39094.0,1,0,0,46718.0,0
v020_c_competitive_surgical,40122,False,90790.0,37457.0,1,0,0,53333.0,0
v020_c_competitive_surgical,40123,True,83757.0,49266.0,1,0,0,34491.0,0
v020_c_competitive_surgical,40123,False,100316.0,47426.0,1,0,0,52890.0,0
v020_c_competitive_surgical,40124,True,105171.0,47250.0,1,0,0,57921.0,0
v020_c_competitive_surgical,40124,False,106093.0,43594.0,1,0,0,62499.0,0
v020_c_competitive_surgical,40125,True,111701.0,49001.0,1,0,0,62700.0,0
v020_c_competitive_surgical,40125,False,108507.0,47920.0,1,0,0,60587.0,0
v020_c_competitive_surgical,40126,True,77354.0,47532.0,1,0,0,29822.0,0
v020_c_competitive_surgical,40126,False,88660.0,45157.0,1,0,0,43503.0,0
v020_c_competitive_surgical,40127,True,63016.0,42178.0,1,0,0,20838.0,0
v020_c_competitive_surgical,40127,False,57064.0,43524.0,1,0,0,13540.0,0
v020_c_competitive_surgical,40128,True,107977.0,49250.0,1,0,0,58727.0,0
v020_c_competitive_surgical,40128,False,106567.0,48369.0,1,0,0,58198.0,0
v020_c_competitive_surgical,40129,True,109344.0,43900.0,1,0,0,65444.0,0
v020_c_competitive_surgical,40129,False,108239.0,44820.0,1,0,0,63419.0,0
v020_c_competitive_surgical,40130,True,107263.0,48198.0,1,0,0,59065.0,0
v020_c_competitive_surgical,40130,False,107263.0,48198.0,1,0,0,59065.0,0
v020_c_competitive_surgical,40131,True,78455.0,27387.0,1,0,0,51068.0,0
v020_c_competitive_surgical,40131,False,86091.0,37528.0,1,0,0,48563.0,0
v020_c_competitive_surgical,40132,True,60961.0,42243.0,1,0,0,18718.0,0
v020_c_competitive_surgical,40132,False,73313.0,38106.0,1,0,0,35207.0,0
v020_c_competitive_surgical,40133,True,102640.0,37589.0,1,0,0,65051.0,0
v020_c_competitive_surgical,40133,False,104184.0,37156.0,1,0,0,67028.0,0
v020_c_competitive_surgical,40134,True,94592.0,39825.0,1,0,0,54767.0,0
v020_c_competitive_surgical,40134,False,92085.0,41991.0,1,0,0,50094.0,0
v020_c_competitive_surgical,40135,True,43318.0,16212.0,1,0,0,27106.0,0
v020_c_competitive_surgical,40135,False,108089.0,49474.0,1,0,0,58615.0,0
v020_c_competitive_surgical,40136,True,88789.0,17760.0,1,0,0,71029.0,0
v020_c_competitive_surgical,40136,False,98172.0,28796.0,1,0,0,69376.0,0
v020_c_competitive_surgical,40137,True,62609.0,47147.0,1,0,0,15462.0,0
v020_c_competitive_surgical,40137,False,62789.0,47998.0,1,0,0,14791.0,0
v020_c_competitive_surgical,40138,True,61822.0,43442.0,1,0,0,18380.0,0
v020_c_competitive_surgical,40138,False,57765.0,42524.0,1,0,0,15241.0,0
v020_c_competitive_surgical,40139,True,114311.0,45312.0,1,0,0,68999.0,0
v020_c_competitive_surgical,40139,False,112809.0,45340.0,1,0,0,67469.0,0
v020_c_competitive_surgical,40140,True,43180.0,18044.0,1,0,0,25136.0,0
v020_c_competitive_surgical,40140,False,49724.0,19776.0,1,0,0,29948.0,0
v020_c_competitive_surgical,40141,True,90109.0,47558.0,1,0,0,42551.0,0
v020_c_competitive_surgical,40141,False,58565.0,35873.0,1,0,0,22692.0,0
v020_c_competitive_surgical,40142,True,100729.0,47978.0,1,0,0,52751.0,0
v020_c_competitive_surgical,40142,False,101165.0,48895.0,1,0,0,52270.0,0
v020_c_competitive_surgical,40143,True,73230.0,49475.0,1,0,0,23755.0,0
v020_c_competitive_surgical,40143,False,73041.0,49470.0,1,0,0,23571.0,0
v020_c_competitive_surgical,40144,True,102911.0,45049.0,1,0,0,57862.0,0
v020_c_competitive_surgical,40144,False,97157.0,40852.0,1,0,0,56305.0,0
v020_c_competitive_surgical,40145,True,90209.0,40503.0,1,0,0,49706.0,0
v020_c_competitive_surgical,40145,False,90209.0,40503.0,1,0,0,49706.0,0
v020_c_competitive_surgical,40146,True,88627.0,16615.0,1,0,0,72012.0,0
v020_c_competitive_surgical,40146,False,104267.0,43937.0,1,0,0,60330.0,0
v020_c_competitive_surgical,40147,True,70489.0,31405.0,1,0,0,39084.0,0
v020_c_competitive_surgical,40147,False,51195.0,34224.0,1,0,0,16971.0,0
v020_c_competitive_surgical,40148,True,98252.0,51479.0,1,0,0,46773.0,0
v020_c_competitive_surgical,40148,False,97781.0,50955.0,1,0,0,46826.0,0
v020_c_competitive_surgical,40149,True,100248.0,43126.0,1,0,0,57122.0,0
v020_c_competitive_surgical,40149,False,100248.0,43126.0,1,0,0,57122.0,0
v020_c_competitive_surgical,40150,True,96545.0,34925.0,1,0,0,61620.0,0
v020_c_competitive_surgical,40150,False,99628.0,34690.0,1,0,0,64938.0,0
v020_c_competitive_surgical,40151,True,101349.0,46558.0,1,0,0,54791.0,0
v020_c_competitive_surgical,40151,False,104218.0,42871.0,1,0,0,61347.0,0
v020_c_competitive_surgical,40152,True,99034.0,43871.0,1,0,0,55163.0,0
v020_c_competitive_surgical,40152,False,109902.0,45963.0,1,0,0,63939.0,0
v020_c_competitive_surgical,40153,True,49831.0,32518.0,1,0,0,17313.0,0
v020_c_competitive_surgical,40153,False,50725.0,31479.0,1,0,0,19246.0,0
v020_c_competitive_surgical,40154,True,92101.0,29547.0,1,0,0,62554.0,0
v020_c_competitive_surgical,40154,False,95870.0,36890.0,1,0,0,58980.0,0
v020_c_competitive_surgical,40155,True,95907.0,38115.0,1,0,0,57792.0,0
v020_c_competitive_surgical,40155,False,103875.0,43221.0,1,0,0,60654.0,0
v020_c_competitive_surgical,40156,True,101832.0,48227.0,1,0,0,53605.0,0
v020_c_competitive_surgical,40156,False,85263.0,41604.0,1,0,0,43659.0,0
v020_c_competitive_surgical,40157,True,109339.0,43188.0,1,0,0,66151.0,0
v020_c_competitive_surgical,40157,False,109586.0,38751.0,1,0,0,70835.0,0
v020_c_competitive_surgical,40158,True,77130.0,49494.0,1,0,0,27636.0,0
v020_c_competitive_surgical,40158,False,68836.0,50567.0,1,0,0,18269.0,0
v020_c_competitive_surgical,40159,True,99344.0,42494.0,1,0,0,56850.0,0
v020_c_competitive_surgical,40159,False,101296.0,41438.0,1,0,0,59858.0,0
v020_c_competitive_surgical,40160,True,77339.0,37581.0,1,0,0,39758.0,0
v020_c_competitive_surgical,40160,False,74961.0,34243.0,1,0,0,40718.0,0
v020_c_competitive_surgical,40161,True,100038.0,45096.0,1,0,0,54942.0,0
v020_c_competitive_surgical,40161,False,73044.0,36247.0,1,0,0,36797.0,0
v020_c_competitive_surgical,40162,True,106732.0,43743.0,1,0,0,62989.0,0
v020_c_competitive_surgical,40162,False,105246.0,41898.0,1,0,0,63348.0,0
v020_c_competitive_surgical,40163,True,78294.0,39457.0,1,0,0,38837.0,0
v020_c_competitive_surgical,40163,False,76824.0,35926.0,1,0,0,40898.0,0
v020_c_competitive_surgical,40164,True,111786.0,44446.0,1,0,0,67340.0,0
v020_c_competitive_surgical,40164,False,118872.0,46031.0,1,0,0,72841.0,0
v020_c_competitive_surgical,40165,True,70953.0,24750.0,1,0,0,46203.0,0
v020_c_competitive_surgical,40165,False,68024.0,25618.0,1,0,0,42406.0,0
v020_c_competitive_surgical,40166,True,77730.0,26834.0,1,0,0,50896.0,0
v020_c_competitive_surgical,40166,False,73131.0,25885.0,1,0,0,47246.0,0
v020_c_competitive_surgical,40167,True,94378.0,35958.0,1,0,0,58420.0,0
v020_c_competitive_surgical,40167,False,90176.0,30700.0,1,0,0,59476.0,0
v020_c_competitive_surgical,40168,True,107624.0,41906.0,1,0,0,65718.0,0
v020_c_competitive_surgical,40168,False,110014.0,29755.0,1,0,0,80259.0,0
v020_c_competitive_surgical,40169,True,63259.0,49791.0,1,0,0,13468.0,0
v020_c_competitive_surgical,40169,False,62599.0,49288.0,1,0,0,13311.0,0
v020_c_competitive_surgical,40170,True,97916.0,41281.0,1,0,0,56635.0,0
v020_c_competitive_surgical,40170,False,96790.0,40925.0,1,0,0,55865.0,0
v020_c_competitive_surgical,40171,True,97215.0,37680.0,1,0,0,59535.0,0
v020_c_competitive_surgical,40171,False,105292.0,40616.0,1,0,0,64676.0,0
v020_c_competitive_surgical,40172,True,105590.0,49228.0,1,0,0,56362.0,0
v020_c_competitive_surgical,40172,False,102142.0,46782.0,1,0,0,55360.0,0
v020_c_competitive_surgical,40173,True,106088.0,40130.0,1,0,0,65958.0,0
v020_c_competitive_surgical,40173,False,109334.0,44067.0,1,0,0,65267.0,0
v020_c_competitive_surgical,40174,True,87986.0,21376.0,1,0,0,66610.0,0
v020_c_competitive_surgical,40174,False,92190.0,19561.0,1,0,0,72629.0,0
v020_c_competitive_surgical,40175,True,88679.0,43221.0,1,0,0,45458.0,0
v020_c_competitive_surgical,40175,False,88741.0,42442.0,1,0,0,46299.0,0
v020_c_competitive_surgical,40176,True,72309.0,46378.0,1,0,0,25931.0,0
v020_c_competitive_surgical,40176,False,65385.0,41681.0,1,0,0,23704.0,0
v020_c_competitive_surgical,40177,True,111960.0,48297.0,1,0,0,63663.0,0
v020_c_competitive_surgical,40177,False,109348.0,41453.0,1,0,0,67895.0,0
v020_c_competitive_surgical,40178,True,83239.0,20550.0,1,0,0,62689.0,0
v020_c_competitive_surgical,40178,False,83074.0,19729.0,1,0,0,63345.0,0
v020_c_competitive_surgical,40179,True,90017.0,43791.0,1,0,0,46226.0,0
v020_c_competitive_surgical,40179,False,90976.0,38900.0,1,0,0,52076.0,0
v020_c_competitive_surgical,40180,True,60809.0,23237.0,1,0,0,37572.0,0
v020_c_competitive_surgical,40180,False,62090.0,29462.0,1,0,0,32628.0,0
v020_c_competitive_surgical,40181,True,103334.0,51078.0,1,0,0,52256.0,0
v020_c_competitive_surgical,40181,False,101204.0,52144.0,1,0,0,49060.0,0
v020_c_competitive_surgical,40182,True,60287.0,47971.0,1,0,0,12316.0,0
v020_c_competitive_surgical,40182,False,61768.0,46775.0,1,0,0,14993.0,0
v020_c_competitive_surgical,40183,True,102367.0,45467.0,1,0,0,56900.0,0
v020_c_competitive_surgical,40183,False,101368.0,37459.0,1,0,0,63909.0,0
v020_c_competitive_surgical,40184,True,88500.0,35802.0,1,0,0,52698.0,0
v020_c_competitive_surgical,40184,False,81447.0,17337.0,1,0,0,64110.0,0
v020_c_competitive_surgical,40185,True,72524.0,45304.0,1,0,0,27220.0,0
v020_c_competitive_surgical,40185,False,76086.0,45024.0,1,0,0,31062.0,0
v020_c_competitive_surgical,40186,True,52354.0,29247.0,1,0,0,23107.0,0
v020_c_competitive_surgical,40186,False,59419.0,42121.0,1,0,0,17298.0,0
v020_c_competitive_surgical,40187,True,57623.0,46350.0,1,0,0,11273.0,0
v020_c_competitive_surgical,40187,False,57338.0,45389.0,1,0,0,11949.0,0
v020_c_competitive_surgical,40188,True,98447.0,43731.0,1,0,0,54716.0,0
v020_c_competitive_surgical,40188,False,102818.0,42831.0,1,0,0,59987.0,0
v020_c_competitive_surgical,40189,True,71385.0,38101.0,1,0,0,33284.0,0
v020_c_competitive_surgical,40189,False,84969.0,42172.0,1,0,0,42797.0,0
v020_c_competitive_surgical,40190,True,68022.0,19800.0,1,0,0,48222.0,0
v020_c_competitive_surgical,40190,False,96603.0,43312.0,1,0,0,53291.0,0
v020_c_competitive_surgical,40191,True,106737.0,44279.0,1,0,0,62458.0,0
v020_c_competitive_surgical,40191,False,107923.0,45668.0,1,0,0,62255.0,0
v020_c_competitive_surgical,40192,True,97724.0,26085.0,1,0,0,71639.0,0
v020_c_competitive_surgical,40192,False,98494.0,26006.0,1,0,0,72488.0,0
v020_c_competitive_surgical,40193,True,64980.0,27978.0,1,0,0,37002.0,0
v020_c_competitive_surgical,40193,False,67233.0,32188.0,1,0,0,35045.0,0
v020_c_competitive_surgical,40194,True,110143.0,46062.0,1,0,0,64081.0,0
v020_c_competitive_surgical,40194,False,109166.0,46008.0,1,0,0,63158.0,0
v020_c_competitive_surgical,40195,True,108226.0,44798.0,1,0,0,63428.0,0
v020_c_competitive_surgical,40195,False,108951.0,35028.0,1,0,0,73923.0,0
v020_c_competitive_surgical,40196,True,110115.0,47058.0,1,0,0,63057.0,0
v020_c_competitive_surgical,40196,False,110509.0,50279.0,1,0,0,60230.0,0
v020_c_competitive_surgical,40197,True,108754.0,43621.0,1,0,0,65133.0,0
v020_c_competitive_surgical,40197,False,108471.0,43760.0,1,0,0,64711.0,0
v020_c_competitive_surgical,40198,True,106120.0,51050.0,1,0,0,55070.0,0
v020_c_competitive_surgical,40198,False,105503.0,52873.0,1,0,0,52630.0,0
v020_c_competitive_surgical,40199,True,103705.0,52794.0,1,0,0,50911.0,0
v020_c_competitive_surgical,40199,False,102461.0,52191.0,1,0,0,50270.0,0
v020_c_competitive_surgical,40200,True,64070.0,46008.0,1,0,0,18062.0,0
v020_c_competitive_surgical,40200,False,64892.0,38916.0,1,0,0,25976.0,0
v020_c_competitive_surgical,40201,True,91452.0,45583.0,1,0,0,45869.0,0
v020_c_competitive_surgical,40201,False,90722.0,54377.0,1,0,0,36345.0,0
v020_c_competitive_surgical,40202,True,100715.0,41413.0,1,0,0,59302.0,0
v020_c_competitive_surgical,40202,False,94861.0,22678.0,1,0,0,72183.0,0
v020_c_competitive_surgical,40203,True,102282.0,44694.0,1,0,0,57588.0,0
v020_c_competitive_surgical,40203,False,104676.0,43205.0,1,0,0,61471.0,0
v020_c_competitive_surgical,40204,True,79607.0,48499.0,1,0,0,31108.0,0
v020_c_competitive_surgical,40204,False,97536.0,51477.0,1,0,0,46059.0,0
v020_c_competitive_surgical,40205,True,92067.0,44178.0,1,0,0,47889.0,0
v020_c_competitive_surgical,40205,False,95713.0,42026.0,1,0,0,53687.0,0
v020_c_competitive_surgical,40206,True,74911.0,45568.0,1,0,0,29343.0,0
v020_c_competitive_surgical,40206,False,87772.0,49927.0,1,0,0,37845.0,0
v020_c_competitive_surgical,40207,True,104887.0,45885.0,1,0,0,59002.0,0
v020_c_competitive_surgical,40207,False,97058.0,47222.0,1,0,0,49836.0,0
v020_c_competitive_surgical,40208,True,96392.0,44735.0,1,0,0,51657.0,0
v020_c_competitive_surgical,40208,False,97676.0,43260.0,1,0,0,54416.0,0
v020_c_competitive_surgical,40209,True,110360.0,47684.0,1,0,0,62676.0,0
v020_c_competitive_surgical,40209,False,107149.0,49006.0,1,0,0,58143.0,0
v020_c_competitive_surgical,40210,True,91585.0,31912.0,1,0,0,59673.0,0
v020_c_competitive_surgical,40210,False,91585.0,31912.0,1,0,0,59673.0,0
v020_c_competitive_surgical,40211,True,90083.0,29298.0,1,0,0,60785.0,0
v020_c_competitive_surgical,40211,False,93924.0,29611.0,1,0,0,64313.0,0
v020_c_competitive_surgical,40212,True,109922.0,44971.0,1,0,0,64951.0,0
v020_c_competitive_surgical,40212,False,111982.0,46610.0,1,0,0,65372.0,0
v020_c_competitive_surgical,40213,True,106499.0,46886.0,1,0,0,59613.0,0
v020_c_competitive_surgical,40213,False,110953.0,48062.0,1,0,0,62891.0,0
v020_c_competitive_surgical,40214,True,88744.0,42987.0,1,0,0,45757.0,0
v020_c_competitive_surgical,40214,False,94315.0,41492.0,1,0,0,52823.0,0
v020_c_competitive_surgical,40215,True,98068.0,45651.0,1,0,0,52417.0,0
v020_c_competitive_surgical,40215,False,99953.0,49830.0,1,0,0,50123.0,0
v020_c_competitive_surgical,40216,True,101259.0,39569.0,1,0,0,61690.0,0
v020_c_competitive_surgical,40216,False,104101.0,43352.0,1,0,0,60749.0,0
v020_c_competitive_surgical,40217,True,106787.0,47537.0,1,0,0,59250.0,0
v020_c_competitive_surgical,40217,False,109551.0,43221.0,1,0,0,66330.0,0
v020_c_competitive_surgical,40218,True,105460.0,41834.0,1,0,0,63626.0,0
v020_c_competitive_surgical,40218,False,99683.0,34345.0,1,0,0,65338.0,0
v020_c_competitive_surgical,40219,True,104301.0,42408.0,1,0,0,61893.0,0
v020_c_competitive_surgical,40219,False,105871.0,41083.0,1,0,0,64788.0,0
v020_c_competitive_surgical,40220,True,71384.0,46601.0,1,0,0,24783.0,0
v020_c_competitive_surgical,40220,False,61553.0,45571.0,1,0,0,15982.0,0
v020_c_competitive_surgical,40221,True,82912.0,40853.0,1,0,0,42059.0,0
v020_c_competitive_surgical,40221,False,78155.0,42772.0,1,0,0,35383.0,0
v020_c_competitive_surgical,40222,True,103550.0,48535.0,1,0,0,55015.0,0
v020_c_competitive_surgical,40222,False,93129.0,24621.0,1,0,0,68508.0,0
v020_c_competitive_surgical,40223,True,115458.0,48587.0,1,0,0,66871.0,0
v020_c_competitive_surgical,40223,False,113222.0,43957.0,1,0,0,69265.0,0
v020_c_competitive_surgical,40224,True,95535.0,40843.0,1,0,0,54692.0,0
v020_c_competitive_surgical,40224,False,101600.0,43551.0,1,0,0,58049.0,0
v020_c_competitive_surgical,40225,True,48083.0,32772.0,1,0,0,15311.0,0
v020_c_competitive_surgical,40225,False,46262.0,30921.0,1,0,0,15341.0,0
v020_c_competitive_surgical,40226,True,109614.0,44373.0,1,0,0,65241.0,0
v020_c_competitive_surgical,40226,False,110858.0,45167.0,1,0,0,65691.0,0
v020_c_competitive_surgical,40227,True,103503.0,49208.0,1,0,0,54295.0,0
v020_c_competitive_surgical,40227,False,111996.0,50405.0,1,0,0,61591.0,0
v020_c_competitive_surgical,40228,True,85117.0,46361.0,1,0,0,38756.0,0
v020_c_competitive_surgical,40228,False,81030.0,48607.0,1,0,0,32423.0,0
v020_c_competitive_surgical,40229,True,95703.0,39019.0,1,0,0,56684.0,0
v020_c_competitive_surgical,40229,False,97444.0,41375.0,1,0,0,56069.0,0
v020_c_competitive_surgical,40230,True,104166.0,45138.0,1,0,0,59028.0,0
v020_c_competitive_surgical,40230,False,87975.0,44150.0,1,0,0,43825.0,0
v020_c_competitive_surgical,40231,True,107160.0,51288.0,1,0,0,55872.0,0
v020_c_competitive_surgical,40231,False,112706.0,52757.0,1,0,0,59949.0,0
v020_c_competitive_surgical,40232,True,83048.0,44866.0,1,0,0,38182.0,0
v020_c_competitive_surgical,40232,False,102653.0,49460.0,1,0,0,53193.0,0
v020_c_competitive_surgical,40233,True,85481.0,31564.0,1,0,0,53917.0,0
v020_c_competitive_surgical,40233,False,86581.0,52201.0,1,0,0,34380.0,0
v020_c_competitive_surgical,40234,True,71422.0,41941.0,1,0,0,29481.0,0
v020_c_competitive_surgical,40234,False,75496.0,41495.0,1,0,0,34001.0,0
v020_c_competitive_surgical,40235,True,89559.0,51984.0,1,0,0,37575.0,0
v020_c_competitive_surgical,40235,False,90140.0,41493.0,1,0,0,48647.0,0
v020_c_competitive_surgical,40236,True,60267.0,38301.0,1,0,0,21966.0,0
v020_c_competitive_surgical,40236,False,58519.0,42839.0,1,0,0,15680.0,0
v020_c_competitive_surgical,40237,True,112796.0,53377.0,1,0,0,59419.0,0
v020_c_competitive_surgical,40237,False,108970.0,49766.0,1,0,0,59204.0,0
v020_c_competitive_surgical,40238,True,106590.0,35116.0,1,0,0,71474.0,0
v020_c_competitive_surgical,40238,False,105477.0,37665.0,1,0,0,67812.0,0
v020_c_competitive_surgical,40239,True,101962.0,49371.0,1,0,0,52591.0,0
v020_c_competitive_surgical,40239,False,85252.0,47063.0,1,0,0,38189.0,0
v020_c_competitive_surgical,40240,True,85830.0,45267.0,1,0,0,40563.0,0
v020_c_competitive_surgical,40240,False,81625.0,43319.0,1,0,0,38306.0,0
v020_c_competitive_surgical,40241,True,61497.0,46884.0,1,0,0,14613.0,0
v020_c_competitive_surgical,40241,False,100986.0,43530.0,1,0,0,57456.0,0
v020_c_competitive_surgical,40242,True,52279.0,50513.0,1,0,0,1766.0,0
v020_c_competitive_surgical,40242,False,50040.0,49635.0,1,0,0,405.0,0
v020_c_competitive_surgical,40243,True,94572.0,44816.0,1,0,0,49756.0,0
v020_c_competitive_surgical,40243,False,90184.0,40087.0,1,0,0,50097.0,0
v020_c_competitive_surgical,40244,True,91473.0,28510.0,1,0,0,62963.0,0
v020_c_competitive_surgical,40244,False,94546.0,40947.0,1,0,0,53599.0,0
v020_c_competitive_surgical,40245,True,112997.0,49613.0,1,0,0,63384.0,0
v020_c_competitive_surgical,40245,False,113442.0,50848.0,1,0,0,62594.0,0
v020_c_competitive_surgical,40246,True,91000.0,51547.0,1,0,0,39453.0,0
v020_c_competitive_surgical,40246,False,91444.0,42904.0,1,0,0,48540.0,0
v020_c_competitive_surgical,40247,True,91391.0,29382.0,1,0,0,62009.0,0
v020_c_competitive_surgical,40247,False,94498.0,36541.0,1,0,0,57957.0,0
v020_c_competitive_surgical,40248,True,64549.0,28655.0,1,0,0,35894.0,0
v020_c_competitive_surgical,40248,False,62265.0,28011.0,1,0,0,34254.0,0
v020_c_competitive_surgical,40249,True,81652.0,31115.0,1,0,0,50537.0,0
v020_c_competitive_surgical,40249,False,85660.0,39658.0,1,0,0,46002.0,0
v020_c_competitive_surgical,40250,True,107570.0,45254.0,1,0,0,62316.0,0
v020_c_competitive_surgical,40250,False,110835.0,48607.0,1,0,0,62228.0,0
v020_c_competitive_surgical,40251,True,107765.0,46905.0,1,0,0,60860.0,0
v020_c_competitive_surgical,40251,False,115735.0,49910.0,1,0,0,65825.0,0
v020_c_competitive_surgical,40252,True,54757.0,48816.0,1,0,0,5941.0,0
v020_c_competitive_surgical,40252,False,53908.0,44666.0,1,0,0,9242.0,0
v020_c_competitive_surgical,40253,True,100120.0,47857.0,1,0,0,52263.0,0
v020_c_competitive_surgical,40253,False,100744.0,45623.0,1,0,0,55121.0,0
v020_c_competitive_surgical,40254,True,84724.0,38345.0,1,0,0,46379.0,0
v020_c_competitive_surgical,40254,False,85710.0,31892.0,1,0,0,53818.0,0
v020_c_competitive_surgical,40255,True,107411.0,49947.0,1,0,0,57464.0,0
v020_c_competitive_surgical,40255,False,91510.0,42935.0,1,0,0,48575.0,0
v020_c_competitive_surgical,40256,True,63746.0,46433.0,1,0,0,17313.0,0
v020_c_competitive_surgical,40256,False,63746.0,46433.0,1,0,0,17313.0,0
v020_c_competitive_surgical,40257,True,48856.0,27119.0,1,0,0,21737.0,0
v020_c_competitive_surgical,40257,False,42025.0,19402.0,1,0,0,22623.0,0
v020_c_competitive_surgical,40258,True,100727.0,44388.0,1,0,0,56339.0,0
v020_c_competitive_surgical,40258,False,91977.0,46743.0,1,0,0,45234.0,0
v020_c_competitive_surgical,40259,True,96252.0,44942.0,1,0,0,51310.0,0
v020_c_competitive_surgical,40259,False,87865.0,45868.0,1,0,0,41997.0,0
v020_c_competitive_surgical,40260,True,58395.0,45981.0,1,0,0,12414.0,0
v020_c_competitive_surgical,40260,False,56326.0,42720.0,1,0,0,13606.0,0
v020_c_competitive_surgical,40261,True,107423.0,47229.0,1,0,0,60194.0,0
v020_c_competitive_surgical,40261,False,73445.0,48688.0,1,0,0,24757.0,0
v020_c_competitive_surgical,40262,True,82910.0,46454.0,1,0,0,36456.0,0
v020_c_competitive_surgical,40262,False,88604.0,44197.0,1,0,0,44407.0,0
v020_c_competitive_surgical,40263,True,86174.0,45114.0,1,0,0,41060.0,0
v020_c_competitive_surgical,40263,False,84197.0,44147.0,1,0,0,40050.0,0
v020_c_competitive_surgical,40264,True,121940.0,46870.0,1,0,0,75070.0,0
v020_c_competitive_surgical,40264,False,106072.0,43788.0,1,0,0,62284.0,0
v020_c_competitive_surgical,40265,True,59413.0,43576.0,1,0,0,15837.0,0
v020_c_competitive_surgical,40265,False,60260.0,38913.0,1,0,0,21347.0,0
v020_c_competitive_surgical,40266,True,60187.0,40374.0,1,0,0,19813.0,0
v020_c_competitive_surgical,40266,False,54149.0,42692.0,1,0,0,11457.0,0
v020_c_competitive_surgical,40267,True,96556.0,48862.0,1,0,0,47694.0,0
v020_c_competitive_surgical,40267,False,97805.0,44242.0,1,0,0,53563.0,0
v020_c_competitive_surgical,40268,True,105479.0,40225.0,1,0,0,65254.0,0
v020_c_competitive_surgical,40268,False,105479.0,40225.0,1,0,0,65254.0,0
v020_c_competitive_surgical,40269,True,96618.0,50985.0,1,0,0,45633.0,0
v020_c_competitive_surgical,40269,False,96359.0,49074.0,1,0,0,47285.0,0
v020_c_competitive_surgical,40270,True,98351.0,53115.0,1,0,0,45236.0,0
v020_c_competitive_surgical,40270,False,95124.0,53028.0,1,0,0,42096.0,0
v020_c_competitive_surgical,40271,True,101914.0,42308.0,1,0,0,59606.0,0
v020_c_competitive_surgical,40271,False,78220.0,42814.0,1,0,0,35406.0,0
v020_c_competitive_surgical,40272,True,102562.0,39039.0,1,0,0,63523.0,0
v020_c_competitive_surgical,40272,False,103392.0,33990.0,1,0,0,69402.0,0
v020_c_competitive_surgical,40273,True,96941.0,38852.0,1,0,0,58089.0,0
v020_c_competitive_surgical,40273,False,104741.0,35861.0,1,0,0,68880.0,0
v020_c_competitive_surgical,40274,True,94118.0,42114.0,1,0,0,52004.0,0
v020_c_competitive_surgical,40274,False,87358.0,41713.0,1,0,0,45645.0,0
v020_c_competitive_surgical,40275,True,62832.0,44257.0,1,0,0,18575.0,0
v020_c_competitive_surgical,40275,False,65392.0,44119.0,1,0,0,21273.0,0
v020_c_competitive_surgical,40276,True,78596.0,33061.0,1,0,0,45535.0,0
v020_c_competitive_surgical,40276,False,79755.0,33573.0,1,0,0,46182.0,0
v020_c_competitive_surgical,40277,True,90001.0,46726.0,1,0,0,43275.0,0
v020_c_competitive_surgical,40277,False,89616.0,46956.0,1,0,0,42660.0,0
v020_c_competitive_surgical,40278,True,104506.0,40991.0,1,0,0,63515.0,0
v020_c_competitive_surgical,40278,False,101074.0,39953.0,1,0,0,61121.0,0
v020_c_competitive_surgical,40279,True,59062.0,47682.0,1,0,0,11380.0,0
v020_c_competitive_surgical,40279,False,58055.0,41836.0,1,0,0,16219.0,0
v020_c_competitive_surgical,40280,True,86915.0,38651.0,1,0,0,48264.0,0
v020_c_competitive_surgical,40280,False,88489.0,38636.0,1,0,0,49853.0,0
v020_c_competitive_surgical,40281,True,80619.0,46795.0,1,0,0,33824.0,0
v020_c_competitive_surgical,40281,False,75343.0,48343.0,1,0,0,27000.0,0
v020_c_competitive_surgical,40282,True,109386.0,49359.0,1,0,0,60027.0,0
v020_c_competitive_surgical,40282,False,66764.0,35242.0,1,0,0,31522.0,0
v020_c_competitive_surgical,40283,True,48088.0,32647.0,1,0,0,15441.0,0
v020_c_competitive_surgical,40283,False,54349.0,41294.0,1,0,0,13055.0,0
v020_c_competitive_surgical,40284,True,46162.0,21420.0,1,0,0,24742.0,0
v020_c_competitive_surgical,40284,False,50061.0,12121.0,1,0,0,37940.0,0
v020_c_competitive_surgical,40285,True,103788.0,49839.0,1,0,0,53949.0,0
v020_c_competitive_surgical,40285,False,110373.0,38614.0,1,0,0,71759.0,0
v020_c_competitive_surgical,40286,True,73270.0,47432.0,1,0,0,25838.0,0
v020_c_competitive_surgical,40286,False,81201.0,51033.0,1,0,0,30168.0,0
v020_c_competitive_surgical,40287,True,107055.0,44659.0,1,0,0,62396.0,0
v020_c_competitive_surgical,40287,False,107055.0,44659.0,1,0,0,62396.0,0
v020_c_competitive_surgical,40288,True,100805.0,46838.0,1,0,0,53967.0,0
v020_c_competitive_surgical,40288,False,101501.0,49197.0,1,0,0,52304.0,0
v020_c_competitive_surgical,40289,True,88064.0,44148.0,1,0,0,43916.0,0
v020_c_competitive_surgical,40289,False,82519.0,49365.0,1,0,0,33154.0,0
v020_c_competitive_surgical,40290,True,57155.0,46557.0,1,0,0,10598.0,0
v020_c_competitive_surgical,40290,False,58771.0,42661.0,1,0,0,16110.0,0
v020_c_competitive_surgical,40291,True,105828.0,40214.0,1,0,0,65614.0,0
v020_c_competitive_surgical,40291,False,110626.0,44728.0,1,0,0,65898.0,0
v020_c_competitive_surgical,40292,True,95400.0,46561.0,1,0,0,48839.0,0
v020_c_competitive_surgical,40292,False,91097.0,44787.0,1,0,0,46310.0,0
v020_c_competitive_surgical,40293,True,106054.0,45223.0,1,0,0,60831.0,0
v020_c_competitive_surgical,40293,False,109445.0,42249.0,1,0,0,67196.0,0
v020_c_competitive_surgical,40294,True,55199.0,34073.0,1,0,0,21126.0,0
v020_c_competitive_surgical,40294,False,52609.0,31081.0,1,0,0,21528.0,0
v020_c_competitive_surgical,40295,True,92152.0,42799.0,1,0,0,49353.0,0
v020_c_competitive_surgical,40295,False,90368.0,44966.0,1,0,0,45402.0,0
v020_c_competitive_surgical,40296,True,96797.0,37942.0,1,0,0,58855.0,0
v020_c_competitive_surgical,40296,False,102100.0,39615.0,1,0,0,62485.0,0
v020_c_competitive_surgical,40297,True,96708.0,48047.0,1,0,0,48661.0,0
v020_c_competitive_surgical,40297,False,95286.0,48074.0,1,0,0,47212.0,0
v020_c_competitive_surgical,40298,True,106382.0,50488.0,1,0,0,55894.0,0
v020_c_competitive_surgical,40298,False,106548.0,50494.0,1,0,0,56054.0,0
v020_c_competitive_surgical,40299,True,55800.0,40864.0,1,0,0,14936.0,0
v020_c_competitive_surgical,40299,False,54401.0,41781.0,1,0,0,12620.0,0
Random,50000,True,92866.0,30.0,1,0,0,92836.0,0
Random,50000,False,94130.0,0.0,1,0,0,94130.0,0
Random,50001,True,82806.0,0.0,1,0,0,82806.0,0
Random,50001,False,94975.0,0.0,1,0,0,94975.0,0
Random,50002,True,89002.0,0.0,1,0,0,89002.0,0
Random,50002,False,54719.0,0.0,1,0,0,54719.0,0
Random,50003,True,104604.0,0.0,1,0,0,104604.0,0
Random,50003,False,100625.0,0.0,1,0,0,100625.0,0
Random,50004,True,83020.0,0.0,1,0,0,83020.0,0
Random,50004,False,105713.0,0.0,1,0,0,105713.0,0
Random,50005,True,64670.0,0.0,1,0,0,64670.0,0
Random,50005,False,73439.0,0.0,1,0,0,73439.0,0
Random,50006,True,114168.0,0.0,1,0,0,114168.0,0
Random,50006,False,113290.0,0.0,1,0,0,113290.0,0
Random,50007,True,108355.0,0.0,1,0,0,108355.0,0
Random,50007,False,110985.0,530.0,1,0,0,110455.0,0
Random,50008,True,74455.0,0.0,1,0,0,74455.0,0
Random,50008,False,112358.0,0.0,1,0,0,112358.0,0
Random,50009,True,51424.0,90.0,1,0,0,51334.0,0
Random,50009,False,86256.0,0.0,1,0,0,86256.0,0
Random,50010,True,85953.0,0.0,1,0,0,85953.0,0
Random,50010,False,94556.0,0.0,1,0,0,94556.0,0
Random,50011,True,82817.0,0.0,1,0,0,82817.0,0
Random,50011,False,103455.0,0.0,1,0,0,103455.0,0
Random,50012,True,92394.0,0.0,1,0,0,92394.0,0
Random,50012,False,68668.0,0.0,1,0,0,68668.0,0
Random,50013,True,105857.0,0.0,1,0,0,105857.0,0
Random,50013,False,92462.0,160.0,1,0,0,92302.0,0
Random,50014,True,89166.0,0.0,1,0,0,89166.0,0
Random,50014,False,57469.0,0.0,1,0,0,57469.0,0
Random,50015,True,99852.0,180.0,1,0,0,99672.0,0
Random,50015,False,115689.0,0.0,1,0,0,115689.0,0
Random,50016,True,52673.0,0.0,1,0,0,52673.0,0
Random,50016,False,107444.0,0.0,1,0,0,107444.0,0
Random,50017,True,102496.0,0.0,1,0,0,102496.0,0
Random,50017,False,42304.0,0.0,1,0,0,42304.0,0
Random,50018,True,87043.0,0.0,1,0,0,87043.0,0
Random,50018,False,80745.0,0.0,1,0,0,80745.0,0
Random,50019,True,110892.0,0.0,1,0,0,110892.0,0
Random,50019,False,107173.0,0.0,1,0,0,107173.0,0
Random,50020,True,98956.0,0.0,1,0,0,98956.0,0
Random,50020,False,113446.0,0.0,1,0,0,113446.0,0
Random,50021,True,53575.0,0.0,1,0,0,53575.0,0
Random,50021,False,111493.0,0.0,1,0,0,111493.0,0
Random,50022,True,106651.0,0.0,1,0,0,106651.0,0
Random,50022,False,92365.0,0.0,1,0,0,92365.0,0
Random,50023,True,101497.0,0.0,1,0,0,101497.0,0
Random,50023,False,58385.0,0.0,1,0,0,58385.0,0
Random,50024,True,90813.0,0.0,1,0,0,90813.0,0
Random,50024,False,111370.0,0.0,1,0,0,111370.0,0
Random,50025,True,107328.0,0.0,1,0,0,107328.0,0
Random,50025,False,54436.0,0.0,1,0,0,54436.0,0
Random,50026,True,76817.0,0.0,1,0,0,76817.0,0
Random,50026,False,104260.0,0.0,1,0,0,104260.0,0
Random,50027,True,104141.0,0.0,1,0,0,104141.0,0
Random,50027,False,41995.0,0.0,1,0,0,41995.0,0
Random,50028,True,110790.0,290.0,1,0,0,110500.0,0
Random,50028,False,82466.0,0.0,1,0,0,82466.0,0
Random,50029,True,99693.0,0.0,1,0,0,99693.0,0
Random,50029,False,107167.0,0.0,1,0,0,107167.0,0
Random,50030,True,69268.0,40.0,1,0,0,69228.0,0
Random,50030,False,81155.0,0.0,1,0,0,81155.0,0
Random,50031,True,57003.0,0.0,1,0,0,57003.0,0
Random,50031,False,102040.0,0.0,1,0,0,102040.0,0
Random,50032,True,106809.0,0.0,1,0,0,106809.0,0
Random,50032,False,82002.0,0.0,1,0,0,82002.0,0
Random,50033,True,56046.0,0.0,1,0,0,56046.0,0
Random,50033,False,107061.0,0.0,1,0,0,107061.0,0
Random,50034,True,104513.0,0.0,1,0,0,104513.0,0
Random,50034,False,96883.0,0.0,1,0,0,96883.0,0
Random,50035,True,113864.0,0.0,1,0,0,113864.0,0
Random,50035,False,87321.0,80.0,1,0,0,87241.0,0
Random,50036,True,61363.0,0.0,1,0,0,61363.0,0
Random,50036,False,108078.0,0.0,1,0,0,108078.0,0
Random,50037,True,96907.0,0.0,1,0,0,96907.0,0
Random,50037,False,105083.0,0.0,1,0,0,105083.0,0
Random,50038,True,60762.0,0.0,1,0,0,60762.0,0
Random,50038,False,75686.0,0.0,1,0,0,75686.0,0
Random,50039,True,59257.0,0.0,1,0,0,59257.0,0
Random,50039,False,101331.0,0.0,1,0,0,101331.0,0
Random,50040,True,114624.0,0.0,1,0,0,114624.0,0
Random,50040,False,93793.0,0.0,1,0,0,93793.0,0
Random,50041,True,104625.0,0.0,1,0,0,104625.0,0
Random,50041,False,97807.0,0.0,1,0,0,97807.0,0
Random,50042,True,64112.0,0.0,1,0,0,64112.0,0
Random,50042,False,49592.0,0.0,1,0,0,49592.0,0
Random,50043,True,89577.0,0.0,1,0,0,89577.0,0
Random,50043,False,98292.0,0.0,1,0,0,98292.0,0
Random,50044,True,94847.0,0.0,1,0,0,94847.0,0
Random,50044,False,85838.0,0.0,1,0,0,85838.0,0
Random,50045,True,60423.0,0.0,1,0,0,60423.0,0
Random,50045,False,118260.0,0.0,1,0,0,118260.0,0
Random,50046,True,107400.0,0.0,1,0,0,107400.0,0
Random,50046,False,102056.0,0.0,1,0,0,102056.0,0
Random,50047,True,85846.0,0.0,1,0,0,85846.0,0
Random,50047,False,93750.0,0.0,1,0,0,93750.0,0
Random,50048,True,76478.0,0.0,1,0,0,76478.0,0
Random,50048,False,94283.0,0.0,1,0,0,94283.0,0
Random,50049,True,114336.0,0.0,1,0,0,114336.0,0
Random,50049,False,93391.0,0.0,1,0,0,93391.0,0
Random,50050,True,107848.0,0.0,1,0,0,107848.0,0
Random,50050,False,110537.0,0.0,1,0,0,110537.0,0
Random,50051,True,114108.0,0.0,1,0,0,114108.0,0
Random,50051,False,116333.0,0.0,1,0,0,116333.0,0
Random,50052,True,55668.0,0.0,1,0,0,55668.0,0
Random,50052,False,95876.0,300.0,1,0,0,95576.0,0
Random,50053,True,85881.0,0.0,1,0,0,85881.0,0
Random,50053,False,55359.0,0.0,1,0,0,55359.0,0
Random,50054,True,91604.0,0.0,1,0,0,91604.0,0
Random,50054,False,110155.0,0.0,1,0,0,110155.0,0
Random,50055,True,77204.0,0.0,1,0,0,77204.0,0
Random,50055,False,90958.0,0.0,1,0,0,90958.0,0
Random,50056,True,103471.0,0.0,1,0,0,103471.0,0
Random,50056,False,93807.0,260.0,1,0,0,93547.0,0
Random,50057,True,96288.0,0.0,1,0,0,96288.0,0
Random,50057,False,104298.0,0.0,1,0,0,104298.0,0
Random,50058,True,106932.0,0.0,1,0,0,106932.0,0
Random,50058,False,90861.0,0.0,1,0,0,90861.0,0
Random,50059,True,69953.0,110.0,1,0,0,69843.0,0
Random,50059,False,85082.0,0.0,1,0,0,85082.0,0
Random,50060,True,116145.0,10.0,1,0,0,116135.0,0
Random,50060,False,115377.0,0.0,1,0,0,115377.0,0
Random,50061,True,94728.0,0.0,1,0,0,94728.0,0
Random,50061,False,108134.0,0.0,1,0,0,108134.0,0
Random,50062,True,98701.0,0.0,1,0,0,98701.0,0
Random,50062,False,98062.0,0.0,1,0,0,98062.0,0
Random,50063,True,68189.0,0.0,1,0,0,68189.0,0
Random,50063,False,114060.0,0.0,1,0,0,114060.0,0
Random,50064,True,106386.0,0.0,1,0,0,106386.0,0
Random,50064,False,93778.0,0.0,1,0,0,93778.0,0
Random,50065,True,109068.0,0.0,1,0,0,109068.0,0
Random,50065,False,105920.0,0.0,1,0,0,105920.0,0
Random,50066,True,99268.0,0.0,1,0,0,99268.0,0
Random,50066,False,72294.0,0.0,1,0,0,72294.0,0
Random,50067,True,67352.0,0.0,1,0,0,67352.0,0
Random,50067,False,116283.0,0.0,1,0,0,116283.0,0
Random,50068,True,100676.0,170.0,1,0,0,100506.0,0
Random,50068,False,116444.0,0.0,1,0,0,116444.0,0
Random,50069,True,87214.0,30.0,1,0,0,87184.0,0
Random,50069,False,77799.0,0.0,1,0,0,77799.0,0
Random,50070,True,93910.0,0.0,1,0,0,93910.0,0
Random,50070,False,64390.0,0.0,1,0,0,64390.0,0
Random,50071,True,104904.0,0.0,1,0,0,104904.0,0
Random,50071,False,115362.0,10.0,1,0,0,115352.0,0
Random,50072,True,109665.0,0.0,1,0,0,109665.0,0
Random,50072,False,90185.0,0.0,1,0,0,90185.0,0
Random,50073,True,99805.0,0.0,1,0,0,99805.0,0
Random,50073,False,53861.0,60.0,1,0,0,53801.0,0
Random,50074,True,57424.0,0.0,1,0,0,57424.0,0
Random,50074,False,116927.0,0.0,1,0,0,116927.0,0
Random,50075,True,109145.0,0.0,1,0,0,109145.0,0
Random,50075,False,83002.0,0.0,1,0,0,83002.0,0
Random,50076,True,102497.0,0.0,1,0,0,102497.0,0
Random,50076,False,89842.0,440.0,1,0,0,89402.0,0
Random,50077,True,97741.0,0.0,1,0,0,97741.0,0
Random,50077,False,103263.0,0.0,1,0,0,103263.0,0
Random,50078,True,108649.0,160.0,1,0,0,108489.0,0
Random,50078,False,63506.0,0.0,1,0,0,63506.0,0
Random,50079,True,106954.0,0.0,1,0,0,106954.0,0
Random,50079,False,78882.0,120.0,1,0,0,78762.0,0
Random,50080,True,82795.0,0.0,1,0,0,82795.0,0
Random,50080,False,98655.0,0.0,1,0,0,98655.0,0
Random,50081,True,97547.0,60.0,1,0,0,97487.0,0
Random,50081,False,58420.0,0.0,1,0,0,58420.0,0
Random,50082,True,98973.0,0.0,1,0,0,98973.0,0
Random,50082,False,93725.0,0.0,1,0,0,93725.0,0
Random,50083,True,74962.0,0.0,1,0,0,74962.0,0
Random,50083,False,101887.0,0.0,1,0,0,101887.0,0
Random,50084,True,96965.0,0.0,1,0,0,96965.0,0
Random,50084,False,90357.0,0.0,1,0,0,90357.0,0
Random,50085,True,89945.0,0.0,1,0,0,89945.0,0
Random,50085,False,63463.0,0.0,1,0,0,63463.0,0
Random,50086,True,112255.0,0.0,1,0,0,112255.0,0
Random,50086,False,99175.0,0.0,1,0,0,99175.0,0
Random,50087,True,91846.0,0.0,1,0,0,91846.0,0
Random,50087,False,119023.0,0.0,1,0,0,119023.0,0
Random,50088,True,109482.0,0.0,1,0,0,109482.0,0
Random,50088,False,101502.0,0.0,1,0,0,101502.0,0
Random,50089,True,102667.0,290.0,1,0,0,102377.0,0
Random,50089,False,97273.0,0.0,1,0,0,97273.0,0
Random,50090,True,85678.0,0.0,1,0,0,85678.0,0
Random,50090,False,106100.0,0.0,1,0,0,106100.0,0
Random,50091,True,110519.0,0.0,1,0,0,110519.0,0
Random,50091,False,52415.0,0.0,1,0,0,52415.0,0
Random,50092,True,72485.0,100.0,1,0,0,72385.0,0
Random,50092,False,98729.0,0.0,1,0,0,98729.0,0
Random,50093,True,76699.0,0.0,1,0,0,76699.0,0
Random,50093,False,106202.0,0.0,1,0,0,106202.0,0
Random,50094,True,104339.0,0.0,1,0,0,104339.0,0
Random,50094,False,108804.0,0.0,1,0,0,108804.0,0
Random,50095,True,103451.0,0.0,1,0,0,103451.0,0
Random,50095,False,106737.0,0.0,1,0,0,106737.0,0
Random,50096,True,93517.0,0.0,1,0,0,93517.0,0
Random,50096,False,78485.0,0.0,1,0,0,78485.0,0
Random,50097,True,101007.0,0.0,1,0,0,101007.0,0
Random,50097,False,95667.0,0.0,1,0,0,95667.0,0
Random,50098,True,95237.0,0.0,1,0,0,95237.0,0
Random,50098,False,92772.0,60.0,1,0,0,92712.0,0
Random,50099,True,60418.0,0.0,1,0,0,60418.0,0
Random,50099,False,86045.0,0.0,1,0,0,86045.0,0
